component,count
1,8835
186,80
833,44
669,20
70,18
5184,15
416,13
437,12
1167,11
466,10
1065,10
1332,10
543,10
1763,9
1131,9
5396,9
4416,9
1766,9
2034,9
6910,9
610,8
2298,8
3545,8
7986,8
1300,8
1607,7
3748,7
4935,7
1550,7
227,7
3979,7
1402,7
8598,7
4959,7
3420,6
27,6
4392,6
2285,6
12374,6
3792,6
1715,6
1502,6
8716,6
1393,6
2320,6
1027,6
750,6
217,6
2117,6
3214,6
1974,6
160,6
1374,5
9758,5
2173,5
4095,5
4798,5
4588,5
758,5
333,5
2143,5
5057,5
470,5
4406,5
9773,5
1995,5
1125,5
2470,5
2666,5
8529,5
2480,5
5375,5
1269,5
3085,5
5131,5
8308,5
13105,5
7257,5
3788,5
1835,5
3987,5
3504,5
5091,4
1145,4
6784,4
4173,4
5271,4
132,4
15838,4
1257,4
4299,4
11081,4
5989,4
11529,4
10232,4
2514,4
3948,4
1611,4
115,4
2033,4
6089,4
91,4
14613,4
13170,4
1322,4
655,4
36,4
1567,4
10133,4
164,4
9899,4
4426,4
454,4
3001,4
10033,4
7107,4
4883,4
3163,4
2012,4
6364,4
2618,4
1434,4
4293,4
4978,4
4880,4
52,4
7126,4
4311,4
8492,4
2635,4
3139,4
2632,4
1720,4
1797,4
813,4
394,4
6324,4
5972,4
3842,4
261,4
247,4
7232,4
3260,4
3117,4
11904,4
10250,4
4739,4
4605,4
3719,4
9064,4
28,4
335,4
2792,4
8369,4
423,4
12819,4
1154,4
1996,4
7354,4
6656,4
5164,4
5077,4
1552,4
1091,4
3264,4
5769,4
964,3
11619,3
4552,3
10820,3
3623,3
2520,3
3034,3
8840,3
297,3
1217,3
13447,3
1958,3
427,3
4756,3
1869,3
7625,3
8797,3
4473,3
8538,3
5134,3
7540,3
884,3
479,3
1547,3
139,3
851,3
1711,3
16564,3
5551,3
9266,3
3552,3
370,3
3032,3
439,3
6123,3
7435,3
8782,3
3632,3
6258,3
10125,3
3907,3
325,3
1899,3
6052,3
534,3
6662,3
2365,3
4972,3
11139,3
9206,3
6973,3
17319,3
3923,3
9132,3
10103,3
10599,3
7152,3
7732,3
8668,3
3111,3
8641,3
3597,3
2615,3
6094,3
6561,3
13369,3
6579,3
4086,3
2206,3
2358,3
2390,3
8667,3
205,3
12244,3
7187,3
6583,3
3022,3
8231,3
1825,3
1817,3
2234,3
8227,3
7599,3
19346,3
4324,3
14756,3
9291,3
1626,3
4315,3
3540,3
12087,3
7941,3
5631,3
8077,3
2898,3
14388,3
5573,3
1737,3
4629,3
1788,3
4771,3
5784,3
3541,3
4730,3
1012,3
8363,3
2167,3
226,3
5393,3
9057,3
4510,3
796,3
4493,3
2552,3
587,3
1196,3
2875,3
12906,3
818,3
12191,3
2419,3
5819,3
10587,3
383,3
1484,3
10085,3
5490,3
480,3
2865,3
947,3
1009,3
3485,3
2062,3
6968,3
4140,3
2201,3
344,3
5842,3
3189,3
7971,3
6550,3
8177,3
5202,3
7450,3
1317,3
7972,3
4582,3
10120,3
4796,3
2467,3
7089,3
1404,3
7190,3
131,3
2829,3
2009,3
5462,3
5840,3
1424,3
14237,3
1229,3
14844,3
8138,3
6919,3
14942,3
7532,3
9820,3
804,3
17257,3
5159,3
2448,3
8723,3
921,3
628,3
10512,3
4280,3
5424,3
2601,3
9597,3
10588,3
829,3
6023,3
1992,3
9688,3
13336,3
9147,3
3213,3
5041,3
10494,3
801,3
13753,3
3052,3
18636,3
4119,3
1095,3
15294,3
10925,3
5704,3
7067,3
6301,3
7279,2
11625,2
768,2
5293,2
806,2
80,2
1601,2
3806,2
5418,2
2097,2
1453,2
5526,2
3490,2
204,2
1642,2
5148,2
7679,2
1119,2
1252,2
1561,2
314,2
1674,2
1175,2
2371,2
6885,2
6905,2
7303,2
19224,2
3703,2
10481,2
54,2
4848,2
19565,2
7821,2
7491,2
2648,2
4970,2
6969,2
3282,2
7514,2
5020,2
1044,2
4250,2
11916,2
9954,2
10284,2
12164,2
15993,2
4986,2
5264,2
3624,2
7309,2
2364,2
2672,2
6351,2
18192,2
11588,2
3182,2
86,2
3484,2
18234,2
13500,2
2735,2
4326,2
3621,2
717,2
414,2
1211,2
5871,2
7148,2
8104,2
8174,2
10924,2
14445,2
19853,2
5235,2
3261,2
1555,2
1830,2
10899,2
1152,2
5907,2
1448,2
5610,2
7,2
1793,2
3333,2
1427,2
8353,2
8495,2
16535,2
229,2
994,2
12623,2
5023,2
1916,2
1471,2
6478,2
15395,2
3751,2
591,2
8373,2
2700,2
3692,2
8485,2
11598,2
17981,2
760,2
9890,2
12211,2
4375,2
529,2
9739,2
13171,2
13355,2
14681,2
6535,2
7808,2
12346,2
9858,2
3815,2
998,2
3532,2
9925,2
11627,2
12009,2
12366,2
17910,2
18388,2
5221,2
15779,2
6265,2
16521,2
4178,2
12396,2
7001,2
12515,2
14276,2
2477,2
9061,2
10146,2
19635,2
10135,2
10239,2
20954,2
504,2
5413,2
2153,2
3824,2
13160,2
17387,2
4896,2
18421,2
9582,2
2098,2
2349,2
8690,2
11254,2
12149,2
1206,2
2701,2
15813,2
3258,2
6785,2
5013,2
9297,2
388,2
963,2
3841,2
4229,2
6526,2
6549,2
7729,2
8259,2
18287,2
3574,2
1369,2
8412,2
10082,2
11991,2
420,2
4231,2
10081,2
2145,2
2289,2
2995,2
15033,2
16706,2
11919,2
8233,2
11685,2
16917,2
2908,2
5735,2
17187,2
14074,2
8717,2
7082,2
1305,2
1361,2
2894,2
3408,2
3570,2
4069,2
5909,2
15358,2
7571,2
14793,2
5127,2
6839,2
12526,2
18843,2
12782,2
4957,2
1631,2
1513,2
2113,2
4860,2
5612,2
2042,2
1297,2
6593,2
16064,2
5640,2
1663,2
7809,2
6350,2
2606,2
3652,2
4495,2
5189,2
8111,2
11381,2
13092,2
14436,2
5234,2
11423,2
11624,2
11210,2
1504,2
2493,2
5922,2
14070,2
14247,2
8775,2
10944,2
12356,2
4317,2
7994,2
203,2
1850,2
2106,2
2527,2
8781,2
10149,2
13617,2
14923,2
17249,2
18457,2
699,2
2607,2
6456,2
116,2
2472,2
4039,2
11559,2
2582,2
7840,2
12401,2
8019,2
6381,2
14735,2
1757,2
2787,2
4934,2
4942,2
5901,2
5762,2
6291,2
4332,2
948,2
2026,2
3664,2
5792,2
13115,2
17227,2
13191,2
5554,2
774,2
5480,2
4539,2
1323,2
2384,2
5908,2
7268,2
14416,2
15363,2
1433,2
4289,2
21388,2
3846,2
4685,2
10502,2
10754,2
17997,2
10278,2
6742,2
14292,2
14741,2
268,2
2176,2
3436,2
4417,2
5449,2
8534,2
9944,2
10084,2
2522,2
4251,2
5590,2
17653,2
10412,2
7115,2
6247,2
6457,2
6501,2
7391,2
1429,2
5384,2
5689,2
9518,2
13375,2
16526,2
10939,2
7404,2
9640,2
8525,2
259,2
7841,2
9236,2
11509,2
15490,2
2281,2
72,2
756,2
7090,2
7676,2
16550,2
5353,2
255,2
883,2
3198,2
8056,2
9455,2
11010,2
9187,2
9031,2
221,2
1898,2
6416,2
12656,2
12816,2
18185,2
1544,2
3601,2
5620,2
920,2
5344,2
4092,2
7223,2
4665,2
8830,2
4384,2
6495,2
389,2
397,2
4801,2
4950,2
7952,2
14647,2
2634,2
9250,2
5543,2
8148,2
6155,2
11515,2
4304,2
4353,2
8825,2
17412,2
10693,2
7506,2
11960,2
16764,2
214,2
6532,2
3096,2
239,2
6996,2
9243,2
15086,2
11743,2
6672,2
4940,2
13348,2
1514,2
7387,2
8992,2
4068,2
5355,2
643,2
694,2
2714,2
3308,2
4524,2
16680,2
3338,2
3651,2
1281,2
887,2
459,2
1103,2
14896,2
18591,2
9415,2
13663,2
4919,2
1821,2
4189,2
9431,2
16057,2
5233,2
12246,2
79,2
6385,2
2338,2
9877,2
13560,2
6500,2
1249,2
824,2
1176,2
47,2
1888,2
6511,2
8334,2
15360,2
6534,2
3953,2
4104,2
7147,2
11327,2
11504,2
18785,2
10429,2
288,2
549,2
8167,2
13345,2
15791,2
16410,2
12962,2
18894,2
4691,2
6506,2
8586,2
2,2
11012,2
1425,2
1625,2
3619,2
6032,2
8402,2
10074,2
5754,2
8555,2
15870,2
1118,2
14848,2
7772,2
10225,2
16055,2
718,2
8279,2
17285,2
1130,2
12570,2
4396,2
17113,2
10732,2
3121,2
3197,2
8208,2
12728,2
5117,2
7522,2
15786,2
13604,2
890,2
11109,2
9419,2
185,2
3060,2
3127,2
5342,2
7472,2
8214,2
4170,2
9150,2
10668,2
3803,2
810,2
835,2
4290,2
7178,2
11942,2
6461,2
14275,2
1129,2
231,2
1696,2
2707,2
3456,2
12235,2
5178,2
2675,2
10057,2
14424,2
10340,2
7839,2
2369,2
3822,2
10827,2
18772,2
13443,2
18405,2
1581,2
14709,2
3784,2
4085,2
6978,2
16249,2
3363,2
815,2
15634,2
601,2
16752,2
7588,2
5886,2
14971,2
8018,2
1927,2
14765,2
1003,2
4023,2
1643,2
10130,2
4468,2
2385,2
21027,2
3178,2
4271,2
16201,2
2024,2
2814,2
6295,2
7296,2
8280,2
11069,2
17747,2
15064,2
3288,2
6624,2
3203,2
9701,2
15931,2
4264,2
2912,2
16713,2
318,2
5668,2
6811,2
11483,2
1406,2
5088,2
14589,2
14603,2
1079,2
8451,2
9500,2
11150,2
15675,2
6992,2
7947,2
9437,2
11973,2
11854,2
6360,2
9622,2
12719,2
14867,2
7868,2
16429,2
6102,2
6849,2
7443,2
1842,2
19342,2
3167,2
3285,2
8867,2
8300,2
8277,2
2011,2
134,2
7186,2
10407,2
4130,2
5611,2
12214,2
1177,2
6234,2
6866,2
4381,2
4594,2
11921,2
9907,2
3511,2
9979,2
2613,2
7230,2
11176,2
2138,2
2310,2
10940,2
14253,2
2225,2
10052,2
3083,2
7128,2
2351,2
14674,2
4827,2
21,2
12110,2
1792,2
11561,2
9522,2
9735,2
7155,2
9391,2
10874,2
11984,2
17606,2
2440,2
2539,2
8748,2
17879,2
996,2
1113,2
16207,2
18111,2
432,2
4575,2
4816,2
512,2
1506,2
1853,2
10780,2
9630,2
3927,2
10099,2
4861,2
16387,2
7976,2
16727,2
3109,2
5251,2
14097,2
711,2
2783,2
171,2
631,2
9811,2
6560,2
53,2
2578,2
6305,2
6708,2
11802,2
10484,2
9023,2
35,2
5303,2
2542,2
12179,2
15273,2
15496,2
4026,2
1878,2
2417,2
327,2
5504,2
13205,2
336,2
9894,2
1364,2
9857,2
1031,2
6649,2
1399,2
233,2
16932,2
9441,2
16642,2
4223,2
7403,2
16395,2
967,2
9900,2
1109,2
3397,2
14306,2
4060,2
4521,2
6388,2
9090,2
10132,2
5593,2
12078,2
360,2
7063,2
4450,2
4215,2
15288,2
698,2
14618,2
1635,2
6524,2
11293,2
16583,2
10192,2
5744,2
7245,2
289,2
5939,2
727,2
8701,2
4706,2
6063,2
11281,2
805,2
2739,2
3714,2
13684,2
9085,2
12867,2
2188,2
8515,2
8616,2
2411,2
6607,2
6408,2
7661,2
8230,2
172,2
3202,2
8163,2
10153,2
1275,2
5764,2
17664,2
3675,2
6716,2
12484,2
18067,2
13804,2
298,2
13692,2
9866,2
9901,2
10145,2
2053,2
5259,2
14553,2
16369,2
4181,2
17714,2
396,2
18758,2
1735,2
15590,2
4099,2
9552,2
7877,2
1028,2
3340,2
20608,2
8137,2
19180,2
3439,2
9600,2
6109,2
7307,2
16891,2
1746,2
10862,2
11542,2
6596,2
24,2
1140,2
15459,2
11654,2
3381,2
8581,2
2032,2
9230,2
19217,2
18371,2
2576,2
9091,2
29,1
1677,1
1697,1
2250,1
2529,1
3506,1
4590,1
4823,1
5409,1
5556,1
7747,1
8075,1
8440,1
8484,1
9233,1
9945,1
10422,1
10871,1
11276,1
11434,1
11567,1
11938,1
13518,1
13638,1
13723,1
14846,1
15194,1
15322,1
15375,1
15432,1
15846,1
16530,1
17043,1
17703,1
17971,1
19771,1
20532,1
21223,1
21899,1
21965,1
22165,1
22429,1
418,1
541,1
558,1
1010,1
1258,1
1277,1
2895,1
3015,1
3061,1
4126,1
4371,1
5934,1
6401,1
7436,1
7544,1
7546,1
8092,1
8101,1
9179,1
9444,1
10237,1
10889,1
11270,1
11309,1
11495,1
11593,1
12967,1
13240,1
13299,1
13658,1
14029,1
14805,1
15758,1
15921,1
16673,1
16781,1
18404,1
18598,1
19061,1
19115,1
19865,1
20638,1
20867,1
21071,1
22209,1
270,1
1371,1
1551,1
2184,1
2581,1
2989,1
2994,1
3327,1
3704,1
3937,1
5079,1
5617,1
6856,1
6860,1
7121,1
7583,1
8330,1
9068,1
9632,1
9793,1
10573,1
11243,1
13068,1
13659,1
13832,1
14064,1
14067,1
14215,1
14543,1
15133,1
15197,1
15559,1
15689,1
16538,1
17061,1
17558,1
17647,1
17757,1
19390,1
19479,1
20211,1
20977,1
21138,1
21417,1
21467,1
21640,1
21653,1
22334,1
243,1
442,1
705,1
1202,1
1919,1
2030,1
2598,1
2797,1
2944,1
3452,1
3847,1
4072,1
4509,1
4519,1
6230,1
6287,1
6879,1
6911,1
7146,1
7424,1
7543,1
7626,1
8509,1
8611,1
8887,1
9686,1
10004,1
10178,1
10433,1
10448,1
10913,1
11334,1
11662,1
12422,1
13764,1
13907,1
14329,1
14626,1
14779,1
15569,1
15709,1
16145,1
16158,1
16754,1
16772,1
18341,1
18406,1
18808,1
18880,1
19392,1
19639,1
20548,1
20881,1
21378,1
21482,1
21596,1
21789,1
21820,1
19,1
926,1
965,1
1447,1
1537,1
1671,1
1782,1
1951,1
2551,1
3051,1
3069,1
4256,1
4929,1
5936,1
6362,1
6363,1
6700,1
8133,1
9341,1
9750,1
10151,1
10176,1
10431,1
10620,1
10632,1
11673,1
11843,1
12328,1
12390,1
13843,1
14438,1
14639,1
14839,1
15274,1
15312,1
15374,1
15652,1
16276,1
16828,1
17334,1
17393,1
17465,1
17803,1
18233,1
18546,1
19366,1
19790,1
20226,1
20257,1
21288,1
21690,1
22078,1
22215,1
0,1
348,1
415,1
847,1
1077,1
1336,1
2157,1
2486,1
3640,1
5417,1
5741,1
6760,1
7202,1
7215,1
7872,1
8493,1
9135,1
10028,1
10748,1
11638,1
12085,1
12253,1
12467,1
12881,1
12920,1
13533,1
13585,1
13596,1
13924,1
14005,1
14450,1
14617,1
14883,1
14939,1
15327,1
16596,1
16651,1
16888,1
17336,1
17668,1
18429,1
18433,1
18644,1
18799,1
18986,1
19324,1
20404,1
20461,1
20729,1
20738,1
21562,1
22170,1
1055,1
2583,1
2881,1
2900,1
3144,1
3296,1
3603,1
3680,1
4108,1
4113,1
4161,1
5107,1
5729,1
5888,1
6262,1
6322,1
7032,1
7234,1
7504,1
7539,1
7637,1
8228,1
9114,1
9207,1
10141,1
10382,1
11142,1
11420,1
12596,1
12697,1
12860,1
12970,1
13612,1
13882,1
14124,1
14353,1
14442,1
14573,1
14794,1
15185,1
15571,1
16404,1
16940,1
18788,1
19156,1
19276,1
19859,1
19921,1
20507,1
20858,1
21877,1
22288,1
22350,1
112,1
299,1
385,1
736,1
1738,1
2175,1
2878,1
3324,1
5009,1
5172,1
5579,1
7207,1
7555,1
8187,1
8421,1
8438,1
8777,1
9228,1
9852,1
10168,1
10388,1
10428,1
11009,1
12073,1
13845,1
14152,1
14232,1
14443,1
14556,1
15772,1
16243,1
17179,1
17689,1
17930,1
17933,1
17949,1
18096,1
18306,1
18837,1
19143,1
19312,1
19441,1
19471,1
19648,1
20996,1
21042,1
21244,1
21293,1
21302,1
21455,1
21909,1
22172,1
237,1
564,1
588,1
857,1
1497,1
1636,1
1983,1
2549,1
2660,1
3662,1
4220,1
4762,1
5213,1
5343,1
5364,1
6690,1
8037,1
8801,1
9746,1
10000,1
10078,1
11101,1
11148,1
11419,1
12863,1
13207,1
13230,1
14380,1
15424,1
15692,1
16063,1
16591,1
16644,1
17333,1
17919,1
18197,1
18555,1
18705,1
19182,1
20424,1
21000,1
21709,1
22331,1
22345,1
198,1
330,1
530,1
724,1
1338,1
1526,1
1640,1
2355,1
2489,1
2612,1
2681,1
2966,1
3200,1
3368,1
3930,1
4478,1
4603,1
5279,1
5287,1
5846,1
5964,1
6226,1
6678,1
6809,1
6862,1
7392,1
7499,1
7616,1
7985,1
7996,1
8264,1
9672,1
9969,1
10321,1
11037,1
11441,1
11595,1
11623,1
12448,1
12952,1
13091,1
13185,1
13391,1
13733,1
16372,1
16443,1
16710,1
16860,1
17314,1
17458,1
17748,1
17969,1
19073,1
19098,1
19566,1
19589,1
21082,1
21839,1
22306,1
22346,1
823,1
932,1
1059,1
1157,1
1403,1
1972,1
2277,1
2439,1
2473,1
2828,1
3125,1
4545,1
4923,1
5544,1
6081,1
6284,1
6458,1
6722,1
7576,1
7967,1
8078,1
8319,1
8461,1
8964,1
10330,1
11856,1
12029,1
12882,1
12891,1
13004,1
13241,1
14251,1
14528,1
14559,1
14786,1
14798,1
15061,1
15104,1
16451,1
16603,1
16735,1
16961,1
17207,1
17371,1
17577,1
18793,1
19266,1
19552,1
20661,1
20854,1
20894,1
22238,1
22448,1
677,1
1353,1
1505,1
1527,1
1760,1
2720,1
2775,1
3240,1
3243,1
3352,1
3489,1
3988,1
4377,1
4636,1
4925,1
5193,1
5446,1
5605,1
5625,1
5690,1
6184,1
6502,1
6858,1
6893,1
6921,1
7270,1
7372,1
7881,1
7918,1
8536,1
9535,1
10425,1
10473,1
10520,1
10546,1
10615,1
10655,1
10684,1
10710,1
10989,1
11115,1
11257,1
11450,1
12493,1
13023,1
13183,1
13187,1
13292,1
13571,1
14813,1
15513,1
15829,1
16342,1
16366,1
16761,1
16818,1
17155,1
17234,1
17816,1
17932,1
18304,1
18364,1
18413,1
19244,1
19330,1
21129,1
21403,1
21752,1
34,1
184,1
532,1
635,1
858,1
1687,1
1887,1
2476,1
2577,1
3161,1
3495,1
3854,1
4139,1
4492,1
4668,1
5031,1
5219,1
5400,1
5693,1
5882,1
6201,1
7287,1
7742,1
7845,1
7861,1
8943,1
9908,1
10456,1
10715,1
12127,1
12236,1
13424,1
14512,1
14564,1
14701,1
15724,1
17018,1
17157,1
17794,1
17850,1
17976,1
18281,1
18781,1
19774,1
19977,1
20050,1
21060,1
21298,1
21445,1
21603,1
21636,1
21773,1
21883,1
463,1
853,1
1200,1
1542,1
2181,1
3031,1
3102,1
3341,1
3634,1
4066,1
5224,1
5240,1
5483,1
5733,1
5913,1
5957,1
6647,1
7411,1
8102,1
8318,1
9432,1
10259,1
10555,1
10723,1
11440,1
13077,1
13704,1
14673,1
14698,1
14897,1
14934,1
15774,1
16006,1
16711,1
16922,1
17013,1
17524,1
17913,1
18094,1
18148,1
18518,1
18891,1
21024,1
21312,1
21410,1
21745,1
21876,1
22286,1
188,1
399,1
693,1
1445,1
2069,1
2116,1
2300,1
2643,1
2807,1
2854,1
2975,1
3326,1
3909,1
4138,1
5142,1
5245,1
6043,1
6250,1
7350,1
7818,1
8356,1
8368,1
8552,1
8583,1
8810,1
9589,1
11214,1
11470,1
11584,1
11858,1
12015,1
12131,1
12192,1
13037,1
13061,1
13556,1
14001,1
14154,1
15279,1
15517,1
15681,1
15864,1
16834,1
17311,1
17699,1
18057,1
18073,1
18219,1
19848,1
20195,1
20229,1
20298,1
20494,1
20505,1
21320,1
21687,1
21786,1
21957,1
202,1
274,1
844,1
889,1
1768,1
2204,1
2370,1
2717,1
3076,1
3284,1
5155,1
5222,1
5311,1
5545,1
5641,1
6521,1
6891,1
7047,1
7935,1
8557,1
8776,1
8818,1
9177,1
9229,1
9303,1
9402,1
10864,1
11090,1
11157,1
11303,1
12251,1
12868,1
13008,1
13268,1
13606,1
14810,1
15725,1
16185,1
16316,1
16899,1
17629,1
18538,1
19373,1
19516,1
19971,1
20739,1
20921,1
21487,1
21715,1
21956,1
624,1
2227,1
3399,1
3823,1
4354,1
4513,1
4563,1
5038,1
5270,1
5425,1
5453,1
6022,1
6563,1
6909,1
7425,1
7888,1
8814,1
8859,1
8876,1
9063,1
9577,1
10314,1
11078,1
11201,1
12723,1
12894,1
12985,1
13842,1
13901,1
14000,1
14749,1
16228,1
16722,1
17431,1
18125,1
19099,1
19453,1
21379,1
570,1
691,1
734,1
1415,1
1776,1
1908,1
1986,1
2537,1
2568,1
3396,1
4463,1
4639,1
5628,1
6070,1
6712,1
7376,1
7862,1
8266,1
8284,1
8694,1
9226,1
9374,1
10449,1
10534,1
11025,1
11672,1
11812,1
12200,1
14227,1
14318,1
14977,1
15083,1
15304,1
15497,1
15776,1
15889,1
16790,1
17124,1
17859,1
17950,1
18102,1
18402,1
18585,1
18732,1
18776,1
18801,1
19236,1
19674,1
20213,1
20486,1
21528,1
21548,1
22257,1
1038,1
1174,1
1816,1
1949,1
2071,1
2772,1
3339,1
3660,1
4020,1
4278,1
4407,1
4608,1
4859,1
4932,1
4999,1
5444,1
5949,1
6298,1
10671,1
10798,1
11518,1
12107,1
12206,1
12320,1
12473,1
13412,1
13475,1
13837,1
14179,1
14182,1
14268,1
14993,1
15220,1
16043,1
16394,1
16756,1
16871,1
17037,1
17199,1
17529,1
18014,1
18215,1
18581,1
19165,1
20503,1
20719,1
21009,1
21031,1
21200,1
21436,1
21515,1
21530,1
22425,1
638,1
876,1
1064,1
1210,1
1632,1
2841,1
3430,1
3468,1
3791,1
3849,1
3944,1
4361,1
4933,1
5005,1
5334,1
5599,1
5809,1
5866,1
5905,1
7159,1
7254,1
7929,1
8034,1
8853,1
9307,1
12591,1
12712,1
12975,1
13078,1
13627,1
13632,1
13718,1
13852,1
14877,1
14878,1
14935,1
16097,1
16197,1
16695,1
16939,1
17917,1
17970,1
18032,1
18081,1
18494,1
19356,1
20130,1
20422,1
20829,1
21369,1
21914,1
22112,1
650,1
1185,1
1212,1
1343,1
1376,1
1559,1
1606,1
1846,1
1930,1
2196,1
2558,1
2590,1
3173,1
3671,1
3687,1
3742,1
4479,1
4951,1
5087,1
5180,1
5794,1
6476,1
6915,1
6972,1
7068,1
7116,1
7674,1
8141,1
8156,1
9192,1
9410,1
9424,1
9539,1
10327,1
10514,1
11721,1
11840,1
12030,1
12335,1
12741,1
14293,1
14574,1
14600,1
14730,1
14907,1
15007,1
15277,1
15545,1
16334,1
16407,1
16471,1
17099,1
17279,1
17335,1
17958,1
18453,1
18626,1
18697,1
19029,1
19253,1
19382,1
20103,1
21490,1
110,1
190,1
275,1
629,1
706,1
737,1
1967,1
2182,1
2215,1
2530,1
3054,1
3196,1
3366,1
3410,1
3519,1
3684,1
3796,1
3964,1
4006,1
4210,1
5035,1
5177,1
5363,1
5517,1
5528,1
5917,1
6694,1
7657,1
7803,1
8194,1
8886,1
9193,1
9199,1
9343,1
10675,1
11492,1
11642,1
11937,1
12854,1
12933,1
14431,1
14826,1
16536,1
16645,1
17222,1
17660,1
18220,1
19018,1
19444,1
19763,1
20040,1
20541,1
20878,1
21019,1
21357,1
57,1
136,1
513,1
828,1
1002,1
1213,1
1407,1
1728,1
2982,1
3105,1
3343,1
3539,1
3754,1
5006,1
5576,1
7092,1
7352,1
7815,1
8087,1
8564,1
9122,1
9584,1
9888,1
11070,1
11506,1
12584,1
13306,1
14670,1
15144,1
16468,1
16543,1
16817,1
17210,1
17654,1
17657,1
18372,1
18471,1
18668,1
19741,1
20061,1
21296,1
22186,1
22223,1
144,1
1571,1
2526,1
2798,1
2953,1
3133,1
3437,1
3594,1
3655,1
3698,1
4307,1
4462,1
4614,1
4802,1
5059,1
5104,1
6639,1
6731,1
6864,1
7040,1
7061,1
8058,1
8314,1
9464,1
9565,1
10183,1
10565,1
10653,1
10753,1
11718,1
12316,1
12870,1
13856,1
14019,1
14433,1
15054,1
15427,1
16882,1
17075,1
17322,1
17353,1
17855,1
18070,1
18381,1
20191,1
20485,1
20757,1
21919,1
22006,1
22326,1
1219,1
1549,1
1771,1
1937,1
2336,1
2784,1
2939,1
2971,1
3210,1
3239,1
3405,1
3617,1
4167,1
4254,1
4791,1
6595,1
7751,1
8162,1
8848,1
8929,1
9140,1
9614,1
9876,1
10061,1
10676,1
11091,1
11236,1
11298,1
11636,1
11838,1
12019,1
12024,1
12754,1
13713,1
13878,1
14888,1
15372,1
15401,1
16931,1
17962,1
18286,1
18550,1
18603,1
18802,1
20340,1
20391,1
21382,1
555,1
696,1
1051,1
1073,1
1108,1
1128,1
1134,1
2223,1
2667,1
4574,1
4618,1
5276,1
6783,1
7059,1
7156,1
7633,1
7973,1
8338,1
9136,1
9776,1
9915,1
10030,1
11046,1
12319,1
13126,1
13136,1
13545,1
13714,1
13809,1
14423,1
15269,1
15685,1
16280,1
16430,1
16717,1
17380,1
17815,1
17890,1
18211,1
18240,1
18602,1
18755,1
19122,1
19537,1
19684,1
19769,1
19794,1
20056,1
21678,1
1233,1
2821,1
4125,1
4127,1
4487,1
4834,1
4926,1
6076,1
6237,1
8234,1
8433,1
8768,1
8789,1
9217,1
9483,1
9680,1
9966,1
10450,1
10915,1
11328,1
11371,1
11798,1
12423,1
13319,1
14072,1
16589,1
17086,1
18373,1
19100,1
19336,1
20069,1
20368,1
20518,1
21697,1
21775,1
1362,1
1924,1
2276,1
2294,1
2546,1
2926,1
3067,1
4506,1
5218,1
5529,1
5569,1
5926,1
6146,1
6754,1
6971,1
7342,1
7689,1
8944,1
9269,1
9340,1
9467,1
10454,1
10462,1
10629,1
11570,1
12070,1
12574,1
12699,1
12742,1
12821,1
13130,1
13470,1
14053,1
15332,1
16292,1
16983,1
17338,1
17444,1
17525,1
17638,1
17793,1
17929,1
18011,1
18023,1
18344,1
19015,1
19464,1
19532,1
19832,1
19929,1
20361,1
20475,1
20987,1
21099,1
21760,1
31,1
376,1
662,1
1811,1
1991,1
2441,1
2963,1
3372,1
3457,1
3970,1
4623,1
4783,1
6074,1
7220,1
8824,1
8989,1
9196,1
9252,1
9362,1
9409,1
9595,1
10538,1
10768,1
11521,1
11908,1
12708,1
13198,1
13477,1
13506,1
14358,1
14563,1
15626,1
16561,1
17268,1
17337,1
17445,1
18172,1
18500,1
18507,1
19048,1
19750,1
20333,1
20553,1
20676,1
20723,1
20836,1
21682,1
119,1
974,1
1440,1
1940,1
2137,1
3099,1
3989,1
4049,1
4533,1
5080,1
5505,1
5524,1
5797,1
6459,1
6777,1
7441,1
7903,1
8089,1
9413,1
10486,1
11007,1
11064,1
11122,1
11133,1
11367,1
11520,1
11674,1
12026,1
12124,1
12599,1
12960,1
13057,1
13601,1
13996,1
14066,1
14286,1
14468,1
15099,1
15307,1
16580,1
16700,1
16944,1
17466,1
17834,1
18035,1
18228,1
18319,1
18514,1
19153,1
19162,1
19363,1
20196,1
20332,1
20513,1
20563,1
20842,1
21150,1
22445,1
386,1
450,1
595,1
596,1
894,1
1069,1
1444,1
2709,1
2923,1
3808,1
4143,1
4501,1
4553,1
5154,1
5195,1
5805,1
5881,1
6637,1
6824,1
7989,1
8027,1
8696,1
9308,1
9435,1
10560,1
10592,1
11195,1
11259,1
11586,1
13433,1
13615,1
14058,1
15161,1
15500,1
15556,1
16195,1
16346,1
16601,1
16611,1
16914,1
17842,1
18379,1
19062,1
19149,1
19282,1
20017,1
20356,1
21014,1
21986,1
39,1
561,1
1918,1
2639,1
4845,1
5875,1
5904,1
5941,1
7238,1
7598,1
7715,1
7792,1
7920,1
8048,1
8205,1
8343,1
8575,1
9007,1
9753,1
10304,1
11017,1
11510,1
12964,1
13250,1
13498,1
13728,1
13898,1
14876,1
14967,1
15338,1
16646,1
16690,1
16981,1
17240,1
18242,1
18441,1
18823,1
18900,1
18967,1
19280,1
19494,1
20304,1
20641,1
21266,1
21492,1
21499,1
21693,1
22116,1
22199,1
22231,1
22400,1
232,1
990,1
1405,1
1548,1
1650,1
1975,1
2022,1
2185,1
3353,1
3486,1
3799,1
4150,1
4340,1
4664,1
4902,1
5075,1
5169,1
6665,1
6733,1
7264,1
7516,1
7718,1
7740,1
8083,1
8553,1
10128,1
10200,1
10752,1
11060,1
11311,1
11729,1
12223,1
12504,1
12932,1
13167,1
13387,1
13455,1
13800,1
14446,1
14649,1
14736,1
14744,1
16320,1
17607,1
17889,1
18051,1
18193,1
18485,1
18570,1
18834,1
19116,1
20089,1
20698,1
21112,1
21340,1
21359,1
21511,1
22135,1
773,1
962,1
966,1
1612,1
1775,1
1945,1
2397,1
2765,1
2862,1
4680,1
4693,1
5111,1
5152,1
5244,1
5325,1
5757,1
5801,1
6054,1
6332,1
6530,1
6717,1
7028,1
8307,1
8610,1
8816,1
9015,1
9145,1
9473,1
12003,1
12690,1
13223,1
13462,1
13963,1
13989,1
14193,1
14355,1
15002,1
15443,1
15843,1
16021,1
16204,1
16373,1
16496,1
16599,1
17564,1
17784,1
18447,1
19081,1
19393,1
19586,1
21571,1
21862,1
2839,1
2996,1
3114,1
3575,1
3812,1
4705,1
6455,1
6776,1
7051,1
7672,1
8084,1
8398,1
9060,1
9716,1
10170,1
10224,1
10336,1
10929,1
11717,1
12694,1
12784,1
13603,1
14211,1
14244,1
15029,1
15227,1
15640,1
16075,1
17165,1
17980,1
19813,1
20323,1
20945,1
21435,1
21472,1
21546,1
21896,1
488,1
1530,1
1942,1
2168,1
2247,1
2356,1
3183,1
3538,1
3986,1
4208,1
5684,1
5796,1
6185,1
6810,1
6873,1
7009,1
7129,1
7518,1
8268,1
8950,1
8975,1
9780,1
10023,1
10216,1
10645,1
10897,1
11888,1
13236,1
13379,1
13438,1
13754,1
14690,1
14742,1
15330,1
15622,1
15819,1
16252,1
16804,1
16964,1
17212,1
20063,1
20121,1
20813,1
21392,1
21441,1
21925,1
22367,1
25,1
814,1
880,1
1099,1
1299,1
1312,1
1472,1
1778,1
1826,1
1893,1
2016,1
2478,1
2622,1
2708,1
2742,1
3275,1
3431,1
3746,1
4538,1
4746,1
5201,1
5567,1
6280,1
7002,1
7343,1
7592,1
8229,1
8278,1
9790,1
10051,1
10296,1
10310,1
10870,1
11949,1
12607,1
12652,1
12796,1
13609,1
13952,1
14343,1
14943,1
15325,1
16360,1
16830,1
17218,1
17267,1
17325,1
17388,1
17936,1
18082,1
18299,1
18566,1
19866,1
20126,1
20362,1
20457,1
20964,1
21010,1
21039,1
21279,1
21308,1
21451,1
1452,1
1805,1
2550,1
2694,1
3036,1
3156,1
3463,1
3465,1
3507,1
3827,1
3834,1
3858,1
4018,1
4900,1
5042,1
5607,1
5883,1
5968,1
6205,1
6317,1
7205,1
7344,1
7764,1
7998,1
8457,1
8550,1
9107,1
9259,1
10392,1
10507,1
10816,1
11621,1
12014,1
12368,1
12839,1
12840,1
14302,1
15193,1
15353,1
15705,1
16206,1
16476,1
16487,1
16498,1
16946,1
17131,1
18110,1
18549,1
19309,1
19840,1
19862,1
20288,1
21381,1
21717,1
22293,1
1048,1
1347,1
1897,1
2261,1
3818,1
4151,1
5135,1
5249,1
5256,1
5758,1
5771,1
5940,1
6012,1
6254,1
6855,1
6918,1
7060,1
7955,1
8010,1
8223,1
8346,1
8436,1
9376,1
9509,1
10323,1
10589,1
11196,1
11606,1
11933,1
12514,1
13682,1
13836,1
13959,1
14012,1
14052,1
14707,1
15491,1
15605,1
15968,1
16576,1
16785,1
16789,1
17224,1
17672,1
18046,1
18751,1
18933,1
19088,1
19381,1
19797,1
20363,1
20434,1
20583,1
20841,1
21247,1
21502,1
21706,1
124,1
181,1
363,1
843,1
1135,1
1441,1
1858,1
2501,1
2621,1
3295,1
3464,1
3481,1
4321,1
4488,1
4770,1
5216,1
5582,1
5706,1
6241,1
6352,1
6750,1
7145,1
7265,1
7563,1
7701,1
8627,1
9013,1
9072,1
9465,1
10271,1
10836,1
11146,1
11508,1
12094,1
12659,1
12744,1
12957,1
15190,1
15847,1
15892,1
16483,1
17030,1
17406,1
17623,1
18130,1
18551,1
19012,1
19608,1
19634,1
20157,1
20290,1
20525,1
20789,1
20806,1
20947,1
20961,1
21667,1
22149,1
686,1
1016,1
1238,1
1777,1
1810,1
1935,1
2373,1
2887,1
3605,1
4547,1
4585,1
4890,1
4903,1
5296,1
5998,1
7070,1
7620,1
8055,1
8561,1
10307,1
10383,1
10763,1
11407,1
12345,1
12563,1
12725,1
13763,1
14201,1
14555,1
16444,1
16489,1
17137,1
17174,1
17261,1
17892,1
18350,1
18478,1
18920,1
19152,1
19223,1
19327,1
19443,1
20107,1
20321,1
21061,1
21406,1
21949,1
22119,1
22410,1
1833,1
2796,1
2924,1
3098,1
3444,1
5067,1
6519,1
7727,1
7812,1
8135,1
8244,1
8699,1
8861,1
9054,1
9657,1
10112,1
10308,1
11416,1
12117,1
12123,1
12159,1
12296,1
12785,1
12787,1
12940,1
13308,1
13334,1
13587,1
14203,1
14218,1
14233,1
14453,1
14958,1
15094,1
15275,1
15349,1
15356,1
15885,1
16237,1
16446,1
17351,1
17428,1
18293,1
18535,1
18954,1
19267,1
20018,1
20452,1
21053,1
22290,1
413,1
455,1
912,1
1395,1
1721,1
3460,1
3569,1
3877,1
4024,1
4335,1
5441,1
5756,1
6008,1
8079,1
8281,1
8620,1
9040,1
9285,1
10361,1
10716,1
11464,1
11505,1
12256,1
12284,1
12890,1
13554,1
13720,1
13789,1
13956,1
14843,1
15255,1
15853,1
16076,1
16452,1
16563,1
17223,1
17944,1
18784,1
18984,1
20860,1
21077,1
21316,1
21556,1
21851,1
71,1
143,1
642,1
790,1
1902,1
2346,1
2555,1
2903,1
3080,1
3195,1
4073,1
4134,1
4234,1
4318,1
4971,1
4983,1
5039,1
5416,1
5697,1
7123,1
7335,1
7639,1
9306,1
9516,1
10301,1
10983,1
11023,1
11322,1
11715,1
12301,1
12477,1
12979,1
13738,1
14441,1
14464,1
14831,1
15582,1
15617,1
15710,1
15730,1
16205,1
17017,1
17144,1
17717,1
19195,1
19559,1
19835,1
20325,1
20849,1
21633,1
21915,1
161,1
193,1
443,1
1191,1
3232,1
3534,1
3942,1
4033,1
4295,1
4339,1
4997,1
5083,1
5272,1
5604,1
5885,1
5992,1
6104,1
6221,1
6223,1
6564,1
6883,1
6990,1
7823,1
8275,1
8303,1
8628,1
9029,1
10463,1
10965,1
10987,1
11485,1
11496,1
11918,1
11975,1
12822,1
13148,1
13163,1
13703,1
14590,1
14869,1
15727,1
15938,1
16338,1
16753,1
17718,1
17765,1
18164,1
18426,1
18616,1
19065,1
19112,1
19233,1
19454,1
19878,1
19932,1
21334,1
21411,1
21719,1
21978,1
68,1
713,1
1242,1
1520,1
2498,1
3384,1
3665,1
4158,1
4866,1
6772,1
6792,1
6794,1
6837,1
6838,1
7014,1
8265,1
8899,1
9101,1
9223,1
9502,1
9655,1
9720,1
9832,1
10245,1
10311,1
10381,1
10390,1
10471,1
10839,1
10842,1
11310,1
13229,1
15092,1
15123,1
15143,1
15800,1
15933,1
16474,1
16484,1
16959,1
17091,1
17161,1
17395,1
17433,1
18203,1
18444,1
18959,1
19002,1
19036,1
20118,1
20179,1
20241,1
20830,1
21069,1
21330,1
21547,1
215,1
1608,1
1994,1
2177,1
2616,1
2968,1
3510,1
4947,1
5346,1
5666,1
5782,1
6103,1
6644,1
6778,1
7102,1
7552,1
8201,1
8429,1
9076,1
9153,1
9406,1
9897,1
10644,1
12385,1
12914,1
13312,1
13983,1
14729,1
15048,1
15167,1
15291,1
15558,1
15584,1
15671,1
15893,1
16723,1
16855,1
17255,1
17862,1
18152,1
19056,1
20926,1
20963,1
21114,1
21624,1
58,1
258,1
320,1
665,1
854,1
1098,1
2207,1
2362,1
3345,1
4088,1
4145,1
4226,1
4632,1
4715,1
4863,1
4898,1
5054,1
5746,1
8109,1
8682,1
8908,1
10465,1
10937,1
11184,1
11287,1
11360,1
12299,1
12327,1
12770,1
12835,1
13266,1
13276,1
13329,1
13916,1
14022,1
14687,1
15001,1
15095,1
15461,1
15702,1
16146,1
16191,1
16659,1
17614,1
17902,1
18583,1
18923,1
19940,1
20413,1
21625,1
21641,1
107,1
266,1
271,1
424,1
882,1
1150,1
1862,1
2164,1
2291,1
2879,1
3607,1
3733,1
3886,1
5613,1
5737,1
5804,1
6066,1
6087,1
6216,1
6611,1
7000,1
7402,1
7680,1
7987,1
8121,1
8350,1
9178,1
9383,1
9932,1
10064,1
11018,1
11342,1
11400,1
11414,1
12338,1
12342,1
12600,1
12661,1
12910,1
13028,1
13260,1
13570,1
14153,1
14196,1
14534,1
15271,1
15988,1
16112,1
16214,1
16263,1
16386,1
16424,1
16792,1
17096,1
17397,1
17452,1
18367,1
18505,1
19140,1
19782,1
20717,1
21582,1
21770,1
21936,1
9,1
316,1
1675,1
2076,1
2191,1
2418,1
3174,1
3586,1
3960,1
4442,1
4731,1
5912,1
6937,1
7143,1
7149,1
7191,1
7266,1
7831,1
8195,1
8518,1
8688,1
8967,1
9669,1
9985,1
10435,1
10558,1
10661,1
11135,1
11939,1
12616,1
12764,1
12779,1
12904,1
13219,1
13504,1
13546,1
14279,1
14413,1
15078,1
15299,1
15759,1
15765,1
15781,1
17052,1
17446,1
18840,1
19323,1
19409,1
19754,1
20328,1
21034,1
21278,1
21520,1
21996,1
22106,1
22430,1
63,1
158,1
447,1
856,1
1516,1
2255,1
2703,1
2920,1
3668,1
4717,1
5056,1
5239,1
5302,1
5473,1
5955,1
6003,1
7622,1
7644,1
7991,1
9020,1
9033,1
10563,1
11182,1
11941,1
12289,1
12441,1
12510,1
12759,1
12841,1
12855,1
13847,1
13864,1
13987,1
14054,1
14085,1
14163,1
14305,1
14655,1
14725,1
15081,1
16359,1
16629,1
16974,1
17026,1
17385,1
17552,1
18315,1
18332,1
18435,1
18848,1
20078,1
20887,1
21029,1
21165,1
21695,1
22068,1
22340,1
1267,1
2287,1
3093,1
3836,1
4698,1
5186,1
6243,1
6939,1
7035,1
7242,1
7446,1
7910,1
8889,1
9327,1
10218,1
10227,1
10856,1
11819,1
11826,1
11926,1
12241,1
12259,1
12706,1
13249,1
13255,1
13891,1
14208,1
14294,1
15047,1
15484,1
15729,1
16018,1
16616,1
16693,1
16840,1
17349,1
17443,1
17487,1
18392,1
18908,1
19215,1
19642,1
21005,1
21038,1
21137,1
21630,1
21910,1
22302,1
22432,1
22458,1
702,1
1164,1
1698,1
1739,1
2270,1
3042,1
5182,1
5711,1
6613,1
6709,1
7109,1
7711,1
9372,1
9452,1
9474,1
9788,1
9960,1
10866,1
10985,1
10991,1
11026,1
11271,1
13011,1
13468,1
14686,1
15097,1
16875,1
17260,1
17421,1
17640,1
17953,1
18574,1
18889,1
19692,1
19773,1
20160,1
21628,1
21736,1
21972,1
22399,1
1437,1
3595,1
3905,1
4010,1
4294,1
4637,1
4817,1
6153,1
6336,1
7744,1
8142,1
8503,1
8772,1
9100,1
9629,1
9690,1
10417,1
10533,1
11159,1
11539,1
12136,1
12414,1
12632,1
13708,1
13949,1
14130,1
14614,1
14773,1
15429,1
15770,1
15854,1
15942,1
16383,1
16512,1
16725,1
16833,1
17655,1
18250,1
19080,1
19761,1
19912,1
20316,1
20365,1
20886,1
21368,1
21390,1
21739,1
21892,1
21974,1
22362,1
279,1
1426,1
1800,1
1955,1
2259,1
2985,1
3318,1
3566,1
3658,1
3758,1
4610,1
4626,1
5084,1
5139,1
5653,1
5933,1
6062,1
6610,1
7025,1
7074,1
7445,1
7922,1
7957,1
8011,1
8250,1
8352,1
8423,1
8437,1
9027,1
10263,1
10928,1
11093,1
11205,1
11629,1
11791,1
12552,1
13202,1
14002,1
14114,1
14258,1
14731,1
15261,1
15389,1
15439,1
16298,1
17432,1
17519,1
19452,1
20649,1
20651,1
20884,1
20959,1
21108,1
21364,1
21559,1
22279,1
22382,1
146,1
1307,1
2066,1
2790,1
3645,1
3961,1
4599,1
5053,1
5521,1
5608,1
5928,1
6328,1
6379,1
6572,1
6781,1
6994,1
7098,1
7702,1
8323,1
8638,1
9066,1
9119,1
9487,1
10036,1
10397,1
10469,1
11261,1
13330,1
15166,1
15422,1
15731,1
15832,1
15923,1
16262,1
16289,1
16559,1
17129,1
17345,1
17723,1
18451,1
18654,1
20041,1
20104,1
20436,1
20691,1
20994,1
21032,1
21507,1
21903,1
22212,1
22386,1
861,1
1046,1
1236,1
1253,1
2140,1
3029,1
3216,1
3378,1
3387,1
4301,1
4316,1
5081,1
5508,1
5512,1
6099,1
6565,1
6629,1
6876,1
6889,1
7141,1
7382,1
7395,1
7492,1
7509,1
7925,1
8422,1
8551,1
9814,1
9859,1
10413,1
10735,1
10803,1
11039,1
11369,1
11442,1
11513,1
13084,1
13144,1
13880,1
14046,1
14062,1
14126,1
15009,1
15446,1
16477,1
17108,1
18469,1
18927,1
19698,1
19729,1
21818,1
22075,1
22344,1
22431,1
174,1
712,1
825,1
946,1
1641,1
2412,1
2579,1
3238,1
4286,1
5877,1
6079,1
6212,1
6260,1
6569,1
7243,1
8973,1
9086,1
9403,1
9873,1
10667,1
11047,1
11098,1
13492,1
13616,1
14217,1
14410,1
14452,1
15105,1
15803,1
15890,1
16312,1
16523,1
16867,1
17315,1
18008,1
18511,1
18595,1
18752,1
18792,1
19514,1
19949,1
20115,1
20287,1
20386,1
20569,1
20903,1
22021,1
22128,1
22225,1
17,1
170,1
209,1
1060,1
1346,1
2786,1
2826,1
4083,1
4166,1
4681,1
5125,1
5236,1
6485,1
6617,1
7049,1
7106,1
8273,1
8413,1
8416,1
8726,1
8981,1
10010,1
10172,1
10567,1
11051,1
11402,1
13031,1
13665,1
13687,1
13993,1
15282,1
15434,1
15987,1
16411,1
16473,1
16681,1
16747,1
17355,1
17716,1
18921,1
18926,1
19239,1
20022,1
20317,1
20560,1
20581,1
20628,1
21139,1
21383,1
21447,1
21460,1
21931,1
21963,1
21973,1
22163,1
22358,1
103,1
253,1
738,1
989,1
1116,1
1629,1
2240,1
2665,1
3501,1
3943,1
4281,1
5457,1
6069,1
6691,1
7327,1
7810,1
8656,1
9453,1
9679,1
10270,1
10807,1
11460,1
11555,1
11895,1
14315,1
14645,1
14774,1
15032,1
15210,1
16044,1
16159,1
16189,1
16381,1
17036,1
17931,1
18239,1
19044,1
19524,1
19596,1
20292,1
20690,1
20840,1
21506,1
276,1
509,1
592,1
1250,1
1287,1
3756,1
4080,1
4389,1
5262,1
5575,1
5773,1
5993,1
6111,1
6787,1
7253,1
7430,1
7610,1
7878,1
8637,1
9388,1
10044,1
10219,1
10249,1
11058,1
11183,1
11290,1
11823,1
11931,1
12100,1
13015,1
13397,1
14688,1
14845,1
15343,1
17225,1
17533,1
17732,1
18005,1
18407,1
18680,1
18997,1
19071,1
19278,1
20237,1
20410,1
20718,1
20737,1
21186,1
21393,1
21464,1
21937,1
21970,1
21985,1
246,1
1190,1
1770,1
2165,1
2803,1
3025,1
3427,1
3453,1
3548,1
3901,1
4136,1
4749,1
6448,1
6609,1
6729,1
6732,1
6793,1
9249,1
9280,1
9316,1
9527,1
9874,1
10086,1
10442,1
11224,1
11794,1
12466,1
12487,1
12689,1
12810,1
12865,1
13018,1
13269,1
13407,1
14184,1
14398,1
14504,1
14738,1
14757,1
16026,1
16199,1
16325,1
16758,1
17250,1
17515,1
18033,1
18316,1
19066,1
19410,1
19577,1
20077,1
20282,1
20360,1
21428,1
430,1
453,1
726,1
817,1
1121,1
2438,1
2695,1
2954,1
3355,1
3700,1
3873,1
4015,1
4355,1
4591,1
4892,1
5105,1
5832,1
6965,1
7290,1
7690,1
7900,1
7913,1
7916,1
8490,1
8549,1
8875,1
9943,1
10068,1
11044,1
11362,1
11374,1
11462,1
12705,1
12722,1
12926,1
13456,1
13565,1
13657,1
13826,1
14522,1
15050,1
15100,1
15599,1
16391,1
16859,1
17424,1
18156,1
18267,1
21880,1
22034,1
22218,1
499,1
1085,1
1114,1
1473,1
1574,1
1695,1
1716,1
2556,1
3017,1
3657,1
4098,1
4359,1
4526,1
4785,1
5052,1
5834,1
7482,1
8170,1
8647,1
8854,1
9094,1
9360,1
9520,1
9607,1
10320,1
10830,1
11132,1
11300,1
11524,1
11647,1
12491,1
13293,1
13377,1
14026,1
14721,1
14910,1
15539,1
15945,1
17162,1
17236,1
17843,1
18787,1
19241,1
19834,1
19875,1
20100,1
20101,1
20297,1
21080,1
21105,1
22032,1
22101,1
33,1
208,1
384,1
519,1
1673,1
1807,1
2460,1
2563,1
2704,1
2769,1
3581,1
4005,1
4148,1
4485,1
5121,1
5635,1
7034,1
7169,1
7318,1
7405,1
8198,1
8420,1
8448,1
8689,1
8924,1
8940,1
9309,1
9323,1
9515,1
9833,1
9836,1
9967,1
10038,1
10159,1
10272,1
10517,1
10607,1
11249,1
11669,1
11706,1
12059,1
12447,1
12966,1
13094,1
13231,1
13978,1
14017,1
14030,1
14075,1
14127,1
14312,1
15568,1
15837,1
16238,1
17398,1
17868,1
17869,1
19110,1
19175,1
19686,1
19918,1
20150,1
20726,1
20905,1
21317,1
21783,1
21831,1
22061,1
22137,1
207,1
498,1
671,1
866,1
1321,1
2560,1
3011,1
3740,1
3882,1
3945,1
4238,1
5098,1
5824,1
6411,1
6681,1
7707,1
8171,1
9704,1
9803,1
9834,1
10150,1
10764,1
10907,1
11089,1
11247,1
11256,1
11995,1
12360,1
12519,1
13034,1
13913,1
14615,1
14859,1
15080,1
15509,1
15555,1
16215,1
17011,1
17634,1
18178,1
18657,1
19555,1
20355,1
20825,1
21726,1
21979,1
22009,1
22303,1
235,1
462,1
649,1
769,1
1855,1
3446,1
3776,1
3887,1
4032,1
4050,1
5078,1
5242,1
5630,1
5969,1
6341,1
6963,1
7351,1
8094,1
8192,1
8217,1
8276,1
8593,1
8994,1
9093,1
9264,1
9929,1
11404,1
11837,1
12263,1
13064,1
13150,1
13204,1
13863,1
14057,1
14139,1
15456,1
16138,1
16588,1
17853,1
17992,1
18154,1
18182,1
18308,1
18335,1
18737,1
18829,1
19248,1
19718,1
19960,1
21534,1
22250,1
22254,1
114,1
434,1
599,1
678,1
742,1
1474,1
1963,1
2376,1
2456,1
2630,1
2711,1
2853,1
3445,1
3811,1
4079,1
4432,1
5058,1
5743,1
6412,1
7517,1
7530,1
7631,1
7883,1
8159,1
8297,1
8721,1
8982,1
9073,1
9459,1
9564,1
10229,1
10267,1
10376,1
11792,1
11829,1
12923,1
13143,1
13636,1
14042,1
14313,1
16547,1
17003,1
17132,1
17463,1
18106,1
18476,1
18691,1
18824,1
18930,1
19378,1
19411,1
19549,1
19821,1
19883,1
20423,1
20802,1
21056,1
5,1
900,1
1083,1
1363,1
1700,1
1723,1
1884,1
2883,1
3247,1
3331,1
4144,1
4522,1
5197,1
5265,1
6296,1
6347,1
6964,1
7236,1
8539,1
9345,1
9361,1
9436,1
9616,1
9799,1
9875,1
10501,1
10601,1
11739,1
11920,1
11974,1
12172,1
12395,1
12790,1
13040,1
13251,1
13307,1
14061,1
14081,1
14397,1
14700,1
15281,1
15741,1
15787,1
16652,1
16924,1
17041,1
17622,1
17666,1
19238,1
19534,1
20403,1
21276,1
22322,1
319,1
404,1
539,1
896,1
1845,1
1909,1
2079,1
2876,1
3235,1
3412,1
4164,1
4797,1
5157,1
5818,1
6024,1
6966,1
6974,1
7079,1
7359,1
7956,1
8069,1
9186,1
9909,1
10349,1
10457,1
10640,1
10776,1
11284,1
11924,1
12262,1
12268,1
12517,1
12541,1
12649,1
12667,1
12761,1
13471,1
13910,1
14143,1
14289,1
16031,1
16235,1
16333,1
17436,1
17520,1
17539,1
17563,1
17854,1
18127,1
18129,1
18748,1
19234,1
19460,1
20557,1
20984,1
22005,1
22207,1
22325,1
153,1
1562,1
2293,1
2619,1
2819,1
3361,1
3618,1
3641,1
3984,1
4593,1
4790,1
5601,1
5887,1
6387,1
6507,1
6522,1
7184,1
7228,1
7273,1
7507,1
9292,1
9865,1
10148,1
10664,1
10713,1
11065,1
11418,1
11535,1
11576,1
11601,1
11726,1
11851,1
12151,1
12627,1
15284,1
16050,1
16088,1
16156,1
16757,1
16865,1
17382,1
18089,1
18640,1
18998,1
19473,1
20143,1
20946,1
21051,1
21857,1
96,1
250,1
743,1
1132,1
1136,1
1163,1
1218,1
1609,1
1685,1
1787,1
2086,1
2413,1
2492,1
2637,1
2915,1
3259,1
4044,1
4154,1
4336,1
5499,1
6176,1
6475,1
6705,1
6998,1
7065,1
8504,1
8511,1
8706,1
9298,1
9477,1
9627,1
9804,1
10065,1
10071,1
11676,1
12134,1
12680,1
12688,1
12811,1
14160,1
14484,1
14863,1
14962,1
15121,1
15760,1
15809,1
15897,1
16000,1
16168,1
16248,1
16479,1
16884,1
17192,1
17430,1
17609,1
17720,1
18884,1
19183,1
19210,1
19218,1
19288,1
19510,1
19517,1
20406,1
20467,1
20812,1
21484,1
21539,1
21769,1
849,1
1115,1
1446,1
1534,1
1790,1
2050,1
2396,1
2747,1
2850,1
3132,1
4446,1
4697,1
6816,1
7481,1
8657,1
8914,1
9148,1
9864,1
9989,1
10127,1
10490,1
10782,1
10997,1
11144,1
11713,1
11821,1
12137,1
13209,1
13644,1
13661,1
13925,1
14675,1
14931,1
15898,1
16332,1
16908,1
17414,1
17596,1
18048,1
18380,1
18873,1
18898,1
19339,1
19529,1
19676,1
19737,1
20137,1
21237,1
21255,1
22258,1
1774,1
1838,1
2699,1
3130,1
5670,1
5830,1
6027,1
6400,1
6638,1
6663,1
8176,1
8653,1
9714,1
10231,1
12057,1
12750,1
13054,1
13274,1
13367,1
13393,1
13759,1
13773,1
14013,1
14549,1
15013,1
15226,1
15624,1
16303,1
16655,1
18463,1
18531,1
19103,1
19733,1
20149,1
20234,1
20523,1
21078,1
21370,1
21459,1
21564,1
22091,1
22339,1
219,1
515,1
834,1
944,1
978,1
1075,1
1232,1
1388,1
1436,1
1894,1
2296,1
2820,1
3162,1
4508,1
5171,1
6692,1
6751,1
7658,1
7762,1
7829,1
7859,1
8184,1
8341,1
9544,1
10637,1
10961,1
11390,1
12041,1
12525,1
12731,1
12748,1
13010,1
13102,1
13169,1
13218,1
13869,1
13902,1
14324,1
14498,1
15162,1
15737,1
15891,1
15964,1
16225,1
16367,1
16402,1
17754,1
18259,1
18340,1
18517,1
18563,1
18763,1
19345,1
19430,1
19784,1
20960,1
21249,1
21600,1
21904,1
22192,1
449,1
461,1
538,1
719,1
1284,1
2231,1
2322,1
2855,1
2921,1
4421,1
5472,1
6542,1
6960,1
7053,1
7132,1
7406,1
8235,1
8290,1
8618,1
9008,1
9626,1
9902,1
11283,1
11863,1
13501,1
13610,1
14024,1
14510,1
14871,1
15655,1
16736,1
16886,1
17673,1
18018,1
18043,1
19167,1
20088,1
20936,1
20955,1
21844,1
22038,1
22321,1
419,1
556,1
816,1
874,1
1208,1
1373,1
1475,1
2193,1
2197,1
2382,1
3571,1
3643,1
3804,1
4530,1
4667,1
4700,1
4868,1
5018,1
5971,1
6645,1
7292,1
7377,1
7508,1
7720,1
7963,1
8274,1
8604,1
8959,1
9009,1
9311,1
9810,1
10315,1
10453,1
11463,1
11711,1
11881,1
12108,1
12538,1
13117,1
14376,1
14552,1
14583,1
15244,1
15254,1
15402,1
15621,1
15836,1
15848,1
16510,1
16852,1
17103,1
18175,1
18847,1
19072,1
19157,1
19243,1
19740,1
19926,1
20642,1
20807,1
21635,1
21865,1
22354,1
10,1
500,1
748,1
836,1
2210,1
2288,1
2737,1
3019,1
3936,1
4647,1
4887,1
5017,1
5133,1
5170,1
5857,1
7677,1
7835,1
8403,1
9782,1
9806,1
10181,1
10324,1
10747,1
11170,1
11874,1
12352,1
13188,1
13429,1
13909,1
13936,1
15321,1
16005,1
16324,1
16667,1
17235,1
17967,1
18157,1
18330,1
18584,1
18765,1
19364,1
19462,1
19708,1
19951,1
21397,1
21421,1
21902,1
21976,1
22050,1
22287,1
89,1
521,1
1666,1
2178,1
2435,1
2463,1
2831,1
3349,1
3417,1
3925,1
3992,1
5036,1
5498,1
6249,1
6306,1
6391,1
6443,1
6803,1
7439,1
7682,1
8698,1
8897,1
9322,1
9795,1
9822,1
10901,1
11188,1
12398,1
12633,1
12848,1
12963,1
13019,1
13331,1
13542,1
13781,1
13786,1
13887,1
13941,1
14627,1
14785,1
14855,1
14912,1
15455,1
15565,1
16172,1
16670,1
17300,1
17513,1
17576,1
17701,1
17911,1
18285,1
18702,1
19040,1
19132,1
19429,1
19764,1
20733,1
20949,1
21331,1
21723,1
22214,1
644,1
1045,1
1498,1
2147,1
2357,1
2891,1
3049,1
3151,1
3933,1
4674,1
5063,1
5600,1
7538,1
8008,1
8317,1
8410,1
8684,1
8890,1
8958,1
9293,1
9442,1
9664,1
10575,1
11523,1
12431,1
12732,1
13463,1
13589,1
14007,1
14011,1
14183,1
14557,1
14602,1
15450,1
15796,1
16447,1
16773,1
17059,1
17352,1
17773,1
17837,1
18053,1
18254,1
18399,1
18449,1
18878,1
19043,1
19114,1
19136,1
19283,1
19619,1
19687,1
19765,1
20939,1
21100,1
21825,1
22175,1
22274,1
537,1
870,1
1487,1
1566,1
1588,1
1829,1
2305,1
2662,1
3236,1
3320,1
3793,1
3807,1
3954,1
4114,1
4244,1
5438,1
5980,1
6166,1
6187,1
6628,1
7117,1
7249,1
7348,1
8107,1
8635,1
9347,1
10299,1
10649,1
11665,1
11724,1
11772,1
11859,1
12013,1
13372,1
13841,1
14705,1
15794,1
16253,1
16656,1
16928,1
17082,1
17102,1
18665,1
18897,1
19518,1
19661,1
20125,1
20267,1
20348,1
21327,1
21433,1
21463,1
21644,1
21793,1
22402,1
741,1
923,1
975,1
1381,1
1449,1
1543,1
1794,1
1822,1
1864,1
1928,1
1944,1
2010,1
2036,1
3528,1
3567,1
5309,1
6017,1
6049,1
6620,1
6863,1
6938,1
7217,1
7414,1
8190,1
8863,1
8912,1
9198,1
9488,1
9591,1
9668,1
11286,1
11335,1
11883,1
12121,1
12576,1
13278,1
14394,1
15235,1
15726,1
15778,1
16126,1
16339,1
16358,1
16562,1
16798,1
17028,1
17049,1
17259,1
17619,1
17731,1
18265,1
18322,1
18490,1
18922,1
19688,1
19944,1
20869,1
21081,1
21908,1
464,1
697,1
1239,1
1808,1
1867,1
2064,1
2663,1
2670,1
2970,1
3013,1
4168,1
4199,1
5935,1
6527,1
6840,1
7038,1
7497,1
8488,1
8658,1
8892,1
9404,1
9457,1
11220,1
11382,1
11526,1
11766,1
13016,1
13024,1
13107,1
13158,1
13566,1
14418,1
14953,1
16351,1
17256,1
17504,1
17935,1
18009,1
18389,1
18395,1
18863,1
18904,1
20264,1
20593,1
21049,1
21070,1
21452,1
21578,1
22079,1
85,1
111,1
332,1
575,1
735,1
867,1
1456,1
1556,1
1947,1
2222,1
2299,1
2449,1
2722,1
2808,1
3283,1
3729,1
4101,1
4383,1
4448,1
4500,1
5436,1
6158,1
6757,1
7638,1
8468,1
8673,1
9052,1
9205,1
9553,1
9608,1
9621,1
9638,1
9719,1
10248,1
10556,1
11111,1
11458,1
11578,1
12207,1
12238,1
12990,1
13189,1
13405,1
13730,1
14499,1
16845,1
17514,1
17852,1
18272,1
18715,1
19531,1
20286,1
20289,1
20450,1
20793,1
21535,1
21583,1
21911,1
411,1
548,1
903,1
1804,1
1809,1
2339,1
2932,1
2934,1
2951,1
3118,1
3770,1
3831,1
4659,1
7011,1
8196,1
8388,1
10163,1
10193,1
10385,1
11192,1
11481,1
12753,1
13012,1
13080,1
13427,1
13702,1
13884,1
14149,1
14609,1
14630,1
14800,1
15030,1
15140,1
15213,1
16130,1
16455,1
16732,1
16935,1
17269,1
17330,1
17934,1
18045,1
19013,1
20412,1
20546,1
20635,1
21516,1
21680,1
21827,1
21989,1
22189,1
177,1
1231,1
1435,1
1734,1
2426,1
2789,1
3165,1
4093,1
4576,1
4778,1
4873,1
5102,1
5192,1
5392,1
5397,1
5421,1
5485,1
5583,1
5807,1
5966,1
6682,1
6833,1
6851,1
8221,1
8832,1
9026,1
9400,1
9449,1
9624,1
9896,1
10535,1
10900,1
12429,1
12802,1
13301,1
14393,1
14457,1
15217,1
16605,1
17004,1
17232,1
18854,1
18961,1
19504,1
19917,1
20124,1
20675,1
20705,1
21943,1
22029,1
22046,1
22095,1
460,1
950,1
1558,1
1754,1
1764,1
1832,1
2006,1
2090,1
2511,1
3152,1
3208,1
3421,1
3428,1
5523,1
5845,1
6098,1
6186,1
6446,1
7119,1
7605,1
8409,1
8971,1
9056,1
9369,1
9911,1
10111,1
10179,1
10213,1
10295,1
10389,1
10731,1
11002,1
11094,1
11107,1
13304,1
13305,1
14417,1
15650,1
17442,1
18084,1
18465,1
18950,1
19097,1
19744,1
20808,1
21634,1
21819,1
22299,1
179,1
441,1
448,1
557,1
563,1
1023,1
1251,1
1651,1
2017,1
2253,1
2424,1
3557,1
3685,1
3795,1
4491,1
4982,1
5130,1
5667,1
7461,1
7541,1
7898,1
8022,1
8081,1
8131,1
8652,1
8946,1
9137,1
9633,1
9708,1
10805,1
10935,1
11234,1
11494,1
11983,1
11996,1
12326,1
12766,1
13953,1
14180,1
14501,1
14540,1
15672,1
15680,1
16307,1
16494,1
16640,1
17286,1
17611,1
17636,1
17751,1
17857,1
18139,1
18309,1
20336,1
20788,1
20847,1
21494,1
21830,1
48,1
517,1
755,1
953,1
1920,1
2256,1
2353,1
2919,1
4241,1
4309,1
4773,1
6430,1
7125,1
7397,1
8736,1
9185,1
10173,1
10288,1
11682,1
12040,1
12751,1
12974,1
13046,1
13380,1
13599,1
14541,1
15028,1
15392,1
15764,1
15866,1
17006,1
18223,1
18536,1
18989,1
19047,1
19335,1
19374,1
19572,1
19709,1
19976,1
20815,1
21560,1
21655,1
142,1
168,1
324,1
1295,1
1400,1
2205,1
2559,1
3145,1
3323,1
4247,1
4259,1
4752,1
5306,1
5434,1
5615,1
5679,1
5763,1
5862,1
6204,1
6981,1
8033,1
8444,1
8683,1
9694,1
10410,1
11479,1
12093,1
12255,1
12350,1
12982,1
13210,1
13417,1
13803,1
13817,1
14525,1
14593,1
14656,1
14665,1
14920,1
15415,1
15495,1
15818,1
15845,1
16217,1
17263,1
17557,1
17915,1
17963,1
19201,1
19322,1
20351,1
21295,1
21508,1
21575,1
21700,1
21710,1
22087,1
467,1
992,1
2503,1
3266,1
3471,1
3860,1
5328,1
6170,1
6370,1
6813,1
7316,1
8569,1
9605,1
9781,1
9824,1
10077,1
10360,1
10487,1
10851,1
11455,1
12189,1
12436,1
12660,1
13344,1
13466,1
13519,1
13541,1
13870,1
14885,1
14895,1
15469,1
15996,1
16171,1
16305,1
16493,1
16808,1
16906,1
17146,1
17348,1
17408,1
17541,1
17820,1
18431,1
18625,1
19173,1
19969,1
20302,1
20911,1
21203,1
21230,1
21901,1
22198,1
22336,1
105,1
850,1
1013,1
1172,1
1412,1
2221,1
3209,1
3360,1
3365,1
3635,1
3717,1
4013,1
4089,1
4310,1
5286,1
5956,1
5988,1
6110,1
6575,1
6749,1
7652,1
7678,1
7995,1
8909,1
9084,1
9214,1
9389,1
10485,1
10726,1
12101,1
12277,1
12505,1
12543,1
12892,1
13137,1
13549,1
14434,1
16294,1
17293,1
17343,1
17556,1
17678,1
18017,1
18291,1
18480,1
19035,1
19317,1
19681,1
20405,1
21404,1
22240,1
294,1
451,1
654,1
800,1
993,1
2070,1
2410,1
3135,1
3237,1
3377,1
3958,1
5096,1
5426,1
5760,1
5833,1
6179,1
7113,1
7183,1
7294,1
7329,1
7479,1
8032,1
8679,1
9182,1
9916,1
10116,1
10223,1
10293,1
11640,1
11962,1
12125,1
12572,1
12958,1
13332,1
14342,1
14375,1
15588,1
15747,1
16196,1
16275,1
16661,1
18467,1
18558,1
18672,1
19287,1
20655,1
20868,1
20871,1
21816,1
108,1
934,1
1137,1
2487,1
2547,1
3250,1
3294,1
3537,1
3771,1
3980,1
4228,1
4981,1
5160,1
5204,1
5367,1
5415,1
5825,1
6150,1
6197,1
7515,1
7683,1
8013,1
8407,1
8472,1
8513,1
8799,1
8915,1
8949,1
10401,1
10745,1
11246,1
11320,1
12008,1
12650,1
13063,1
13288,1
13833,1
15905,1
16004,1
16829,1
17506,1
17548,1
18378,1
18569,1
18582,1
18652,1
18851,1
19121,1
19721,1
19755,1
19789,1
20005,1
20427,1
20524,1
20817,1
20874,1
20999,1
21075,1
21160,1
21873,1
22200,1
22468,1
309,1
471,1
540,1
611,1
1488,1
2443,1
3006,1
3701,1
5085,1
5357,1
5476,1
5574,1
6670,1
7462,1
7675,1
8349,1
9067,1
9749,1
9821,1
9980,1
10461,1
11152,1
11343,1
12122,1
12225,1
12497,1
12945,1
13192,1
13394,1
14214,1
14447,1
14483,1
14984,1
15253,1
15345,1
15678,1
15712,1
16116,1
16755,1
16788,1
17139,1
17736,1
17928,1
17964,1
18104,1
18212,1
18342,1
18542,1
18653,1
18757,1
18836,1
20893,1
21691,1
22310,1
345,1
641,1
683,1
951,1
1410,1
1486,1
1657,1
1815,1
2642,1
3229,1
3782,1
3908,1
4541,1
4867,1
6943,1
7399,1
7567,1
7999,1
8478,1
8608,1
10137,1
11000,1
11333,1
12322,1
12357,1
13289,1
14146,1
14915,1
14995,1
15201,1
15704,1
15744,1
16694,1
16759,1
17532,1
18346,1
18436,1
18646,1
18696,1
19230,1
19925,1
20624,1
20898,1
21076,1
21217,1
21694,1
21798,1
21837,1
22051,1
1117,1
1255,1
2154,1
2674,1
3454,1
4768,1
5116,1
5141,1
5210,1
5621,1
6078,1
6196,1
6710,1
6808,1
7906,1
8784,1
9271,1
9961,1
10076,1
10728,1
12358,1
12905,1
13402,1
14412,1
15387,1
15452,1
15541,1
15610,1
15952,1
16078,1
16164,1
16287,1
16704,1
16815,1
17109,1
17324,1
17400,1
18163,1
19184,1
19433,1
21267,1
21772,1
22157,1
22341,1
731,1
1569,1
2778,1
3141,1
3369,1
3524,1
4571,1
4753,1
5965,1
6195,1
6467,1
6523,1
6870,1
7523,1
8680,1
9405,1
10420,1
10832,1
11095,1
11653,1
11871,1
12004,1
12893,1
13751,1
13967,1
14938,1
15051,1
15574,1
16134,1
16823,1
16861,1
16996,1
17055,1
17140,1
18202,1
18248,1
18269,1
18682,1
19087,1
19720,1
21912,1
22154,1
22453,1
22466,1
225,1
352,1
981,1
1308,1
1577,1
1688,1
1885,1
2013,1
2052,1
2199,1
3147,1
3889,1
5674,1
6472,1
6497,1
7300,1
7489,1
7738,1
7763,1
8110,1
9386,1
9524,1
9956,1
10317,1
10867,1
10881,1
11656,1
12278,1
12297,1
12362,1
13481,1
13507,1
13547,1
14035,1
14141,1
14265,1
14386,1
14849,1
15187,1
15514,1
16092,1
16110,1
16233,1
16662,1
17938,1
19191,1
19833,1
20603,1
21585,1
22370,1
220,1
249,1
381,1
795,1
822,1
1155,1
1856,1
2061,1
2899,1
2918,1
3119,1
3419,1
3598,1
3666,1
4059,1
4645,1
4652,1
5324,1
5555,1
5560,1
6108,1
6346,1
6410,1
6759,1
7484,1
7721,1
7946,1
8203,1
8347,1
8379,1
9111,1
9166,1
9240,1
9588,1
9796,1
9847,1
10537,1
10869,1
11137,1
11556,1
11589,1
12170,1
12474,1
13065,1
13152,1
14037,1
14308,1
14517,1
14598,1
14708,1
14982,1
15103,1
15242,1
17534,1
17761,1
18001,1
18486,1
18571,1
18643,1
19285,1
20787,1
21601,1
21938,1
22148,1
22454,1
303,1
1309,1
1812,1
1813,1
1968,1
4052,1
4424,1
4525,1
5173,1
5596,1
5705,1
6323,1
6589,1
7614,1
7692,1
8778,1
8779,1
8785,1
8865,1
11121,1
11437,1
11491,1
11935,1
12384,1
13496,1
13857,1
14231,1
15463,1
15530,1
15997,1
16486,1
17027,1
17195,1
17361,1
18025,1
19426,1
19828,1
20973,1
21216,1
21735,1
379,1
777,1
940,1
988,1
995,1
1005,1
1207,1
1348,1
2056,1
2226,1
3169,1
3357,1
3415,1
3480,1
4654,1
4754,1
5198,1
5301,1
5727,1
5781,1
5974,1
6145,1
6415,1
6556,1
7204,1
7623,1
7662,1
8796,1
9283,1
10338,1
11024,1
11105,1
11632,1
12063,1
12944,1
13045,1
13123,1
13765,1
13973,1
14404,1
14651,1
14816,1
15154,1
15188,1
15257,1
15901,1
17200,1
17469,1
17730,1
18229,1
19469,1
19962,1
21197,1
21303,1
21386,1
22053,1
22262,1
22465,1
535,1
580,1
2266,1
2877,1
3057,1
4727,1
5089,1
5564,1
5914,1
6586,1
7643,1
8035,1
8462,1
8759,1
9421,1
9489,1
10233,1
10943,1
11083,1
11350,1
13049,1
13099,1
13654,1
13801,1
14414,1
14430,1
14638,1
15868,1
16200,1
16227,1
16244,1
16751,1
19644,1
20255,1
20551,1
20574,1
21156,1
21166,1
21456,1
21688,1
21807,1
21854,1
21906,1
22069,1
192,1
473,1
573,1
653,1
1976,1
2350,1
2536,1
2712,1
2748,1
3503,1
3753,1
3967,1
4425,1
5742,1
5893,1
6240,1
7201,1
7579,1
7811,1
8212,1
8737,1
8741,1
9959,1
10177,1
10242,1
11011,1
11056,1
11131,1
11357,1
12212,1
12285,1
12306,1
12465,1
13048,1
13159,1
13559,1
14316,1
14345,1
14582,1
15250,1
15628,1
15842,1
16556,1
16883,1
16923,1
17067,1
18313,1
18947,1
19511,1
19638,1
19762,1
20612,1
20935,1
21098,1
21147,1
21261,1
21387,1
21486,1
841,1
1122,1
1984,1
2880,1
3041,1
4414,1
5214,1
6168,1
6257,1
6273,1
7084,1
7389,1
7421,1
7695,1
7895,1
8127,1
8288,1
8714,1
8753,1
8927,1
8935,1
8995,1
9495,1
9540,1
9917,1
10868,1
11294,1
11428,1
11649,1
11748,1
12229,1
12998,1
14642,1
14654,1
15196,1
15396,1
16209,1
16671,1
16894,1
17015,1
17383,1
17856,1
18487,1
19680,1
20082,1
20122,1
20204,1
20665,1
21245,1
429,1
636,1
846,1
1340,1
2406,1
4142,1
4415,1
4728,1
5069,1
5274,1
5452,1
6000,1
6365,1
6989,1
7023,1
7275,1
7647,1
7686,1
8031,1
8220,1
8435,1
9219,1
9454,1
9955,1
10673,1
10902,1
11278,1
12012,1
13111,1
13788,1
13980,1
17404,1
19320,1
19355,1
19842,1
20353,1
21427,1
21478,1
22014,1
22099,1
22356,1
941,1
1254,1
1572,1
1743,1
1977,1
2198,1
3039,1
3112,1
3332,1
3709,1
4021,1
4458,1
4736,1
4944,1
5124,1
5656,1
6075,1
6134,1
6210,1
6267,1
6285,1
6372,1
7164,1
7278,1
7284,1
7578,1
7752,1
7908,1
8426,1
8783,1
9385,1
9883,1
10714,1
10979,1
11820,1
11822,1
12295,1
13161,1
14051,1
14569,1
14581,1
14944,1
15245,1
15292,1
16461,1
17104,1
17193,1
17282,1
17813,1
17957,1
18161,1
18767,1
18790,1
19523,1
19791,1
20275,1
20861,1
21287,1
22194,1
576,1
979,1
982,1
1451,1
1662,1
1682,1
1890,1
1900,1
2100,1
2516,1
3383,1
3938,1
4162,1
4200,1
4237,1
6673,1
6739,1
6900,1
7140,1
7277,1
8849,1
9529,1
9631,1
9642,1
10276,1
10757,1
11645,1
11868,1
12270,1
12630,1
13538,1
14021,1
14588,1
14667,1
14932,1
15087,1
15270,1
15361,1
15573,1
15629,1
16363,1
16916,1
17020,1
17133,1
17177,1
17262,1
17508,1
17642,1
18941,1
19424,1
20233,1
20266,1
20393,1
20511,1
20725,1
20762,1
21018,1
21716,1
482,1
618,1
1915,1
3546,1
3587,1
4374,1
4695,1
5642,1
6056,1
6118,1
6374,1
6394,1
6468,1
6671,1
6997,1
7110,1
7594,1
7667,1
8238,1
8397,1
8856,1
9787,1
9941,1
10204,1
10724,1
11052,1
11100,1
11216,1
11264,1
11448,1
12687,1
13050,1
13395,1
13404,1
14323,1
15421,1
15977,1
16632,1
17085,1
17166,1
17244,1
17775,1
18246,1
19142,1
20491,1
21426,1
21458,1
431,1
1931,1
2436,1
2495,1
3010,1
3785,1
4578,1
4708,1
5016,1
5150,1
5261,1
5329,1
5401,1
5680,1
6025,1
6138,1
6325,1
7151,1
7174,1
7227,1
7267,1
7313,1
7375,1
7794,1
8408,1
9398,1
9971,1
10689,1
10893,1
10950,1
11940,1
12114,1
12372,1
13186,1
13664,1
14121,1
15022,1
15287,1
16183,1
16382,1
17584,1
17738,1
18176,1
18276,1
18676,1
20109,1
21980,1
1430,1
1580,1
2257,1
2870,1
3059,1
3855,1
4035,1
4038,1
4214,1
4550,1
4833,1
5026,1
5661,1
8063,1
8108,1
8378,1
9038,1
9351,1
9732,1
10001,1
10437,1
10837,1
12307,1
12594,1
12886,1
14150,1
14291,1
14571,1
14693,1
15638,1
15723,1
16638,1
17477,1
18323,1
18540,1
19981,1
20663,1
21248,1
21304,1
21526,1
905,1
919,1
1820,1
2003,1
2120,1
3447,1
3462,1
3644,1
3659,1
3663,1
3900,1
4365,1
4584,1
4627,1
4973,1
5050,1
5527,1
5719,1
7611,1
7629,1
8705,1
9666,1
9976,1
10100,1
10557,1
11346,1
11471,1
11912,1
12208,1
13001,1
13349,1
13437,1
13474,1
13900,1
14044,1
14300,1
14374,1
15170,1
15563,1
17101,1
17600,1
17767,1
19362,1
19613,1
19616,1
19801,1
19916,1
20225,1
20866,1
21184,1
21318,1
22059,1
22108,1
22442,1
12,1
200,1
295,1
355,1
952,1
2102,1
2111,1
2392,1
2571,1
2656,1
3441,1
4348,1
4577,1
4642,1
4759,1
5337,1
6276,1
7688,1
7717,1
7927,1
8172,1
9201,1
9427,1
10054,1
10472,1
10696,1
10921,1
11425,1
12079,1
12104,1
12662,1
12734,1
13055,1
13406,1
14202,1
14221,1
14542,1
14554,1
15036,1
15059,1
15164,1
15366,1
15412,1
15510,1
15614,1
16518,1
17241,1
17742,1
18333,1
19194,1
19652,1
19933,1
19952,1
21040,1
21401,1
22004,1
22043,1
22204,1
22283,1
826,1
1201,1
1672,1
1747,1
2087,1
2352,1
2654,1
2952,1
3277,1
4048,1
4263,1
4598,1
4875,1
5188,1
5238,1
5709,1
6800,1
7875,1
8150,1
8681,1
8757,1
9393,1
10316,1
11500,1
12161,1
12386,1
12498,1
13002,1
13271,1
13358,1
13860,1
14171,1
14508,1
14592,1
15093,1
15881,1
16335,1
16904,1
17462,1
17923,1
18331,1
19250,1
19353,1
20421,1
20596,1
21959,1
373,1
544,1
922,1
943,1
1056,1
2328,1
2788,1
3003,1
4094,1
4157,1
4364,1
4828,1
5163,1
5223,1
5548,1
5592,1
5671,1
5677,1
5853,1
6643,1
6871,1
7016,1
7786,1
8211,1
8710,1
9451,1
9479,1
9722,1
9730,1
9885,1
10008,1
10115,1
10143,1
10373,1
10623,1
10739,1
10977,1
11141,1
11751,1
11800,1
12187,1
12549,1
12793,1
13947,1
15486,1
15984,1
17016,1
17905,1
18119,1
18264,1
18731,1
19314,1
21028,1
21119,1
21126,1
21268,1
21292,1
21485,1
21521,1
21757,1
322,1
390,1
492,1
893,1
1102,1
1289,1
1378,1
1584,1
2002,1
2911,1
3086,1
3515,1
4056,1
5118,1
5200,1
5349,1
5696,1
6159,1
7021,1
8046,1
8132,1
8546,1
8560,1
8727,1
9016,1
9191,1
9411,1
9840,1
10438,1
10708,1
12016,1
12859,1
13013,1
13259,1
13483,1
13670,1
13717,1
14266,1
14314,1
14584,1
17744,1
17831,1
17952,1
18398,1
18753,1
18919,1
18981,1
19793,1
20979,1
21015,1
21090,1
21115,1
21188,1
22055,1
22233,1
22415,1
62,1
182,1
658,1
1062,1
1143,1
1261,1
3134,1
3702,1
4313,1
6167,1
6353,1
6684,1
7285,1
7714,1
7980,1
8009,1
8311,1
8794,1
9050,1
9684,1
9884,1
10541,1
11435,1
11741,1
12133,1
12265,1
12726,1
13558,1
13772,1
14177,1
14548,1
14566,1
15444,1
15703,1
16080,1
17435,1
17585,1
18138,1
18231,1
18377,1
19670,1
19800,1
20186,1
20448,1
22452,1
1058,1
1120,1
1355,1
1664,1
2682,1
3087,1
3181,1
3475,1
4182,1
4287,1
5136,1
5387,1
5481,1
5722,1
6239,1
7194,1
7849,1
7866,1
8215,1
9116,1
9232,1
9425,1
9791,1
10101,1
10352,1
10906,1
12021,1
12082,1
12351,1
12857,1
12918,1
12969,1
13461,1
13805,1
13944,1
14625,1
15178,1
15180,1
16020,1
16356,1
16459,1
17070,1
17616,1
18278,1
18434,1
18455,1
18557,1
18658,1
18711,1
19139,1
19354,1
19804,1
20055,1
20753,1
20933,1
21346,1
21471,1
21808,1
910,1
1345,1
1398,1
2082,1
4047,1
4346,1
5247,1
5410,1
5659,1
5813,1
6955,1
7019,1
7306,1
7805,1
8411,1
8764,1
9365,1
9468,1
9585,1
9636,1
10482,1
10612,1
11029,1
11096,1
11928,1
12778,1
12847,1
13750,1
13792,1
13890,1
14129,1
14437,1
15132,1
15310,1
15440,1
15762,1
15874,1
16733,1
17095,1
17711,1
18160,1
18238,1
18506,1
18545,1
18674,1
19294,1
20382,1
20530,1
20558,1
21127,1
22255,1
22335,1
331,1
1166,1
1186,1
1468,1
1481,1
1522,1
1982,1
3411,1
3413,1
3611,1
3875,1
4908,1
5767,1
5959,1
6010,1
6897,1
8080,1
8105,1
9538,1
9851,1
10609,1
10686,1
11233,1
11923,1
12132,1
12194,1
13032,1
13381,1
13454,1
14092,1
14465,1
14568,1
15251,1
15631,1
15910,1
16062,1
16331,1
16569,1
17245,1
17313,1
17347,1
18352,1
19151,1
19229,1
20800,1
20853,1
20943,1
21202,1
21479,1
21638,1
21704,1
21777,1
21791,1
22003,1
22202,1
22411,1
747,1
792,1
906,1
1491,1
1510,1
2054,1
2304,1
2690,1
2766,1
3482,1
3572,1
3633,1
4881,1
5863,1
6096,1
6343,1
6431,1
7004,1
7857,1
8040,1
9268,1
9841,1
10375,1
10885,1
12304,1
12823,1
12941,1
13108,1
13931,1
13985,1
14195,1
14595,1
16218,1
17895,1
17974,1
18600,1
19291,1
19770,1
19861,1
20554,1
20696,1
21939,1
22247,1
22291,1
11,1
716,1
775,1
803,1
1341,1
1423,1
2592,1
2730,1
3637,1
3837,1
4240,1
4769,1
5092,1
6389,1
6574,1
7246,1
7593,1
7774,1
8123,1
8563,1
8742,1
9551,1
9699,1
10975,1
11168,1
11727,1
13883,1
14162,1
14951,1
15318,1
15576,1
15587,1
15646,1
15656,1
15711,1
15739,1
15798,1
15834,1
15949,1
16162,1
16278,1
16607,1
17001,1
17188,1
17196,1
18384,1
19209,1
19408,1
20127,1
20483,1
20748,1
20971,1
21306,1
21594,1
21699,1
21997,1
22083,1
639,1
1080,1
1496,1
1725,1
1801,1
2194,1
2433,1
2591,1
2731,1
3014,1
3767,1
3859,1
4631,1
4704,1
4824,1
5158,1
5315,1
6207,1
7449,1
7549,1
7650,1
7988,1
9195,1
9475,1
9511,1
10254,1
10300,1
10737,1
10880,1
11221,1
14620,1
14752,1
14899,1
15528,1
15597,1
15738,1
16274,1
16738,1
17483,1
17995,1
18184,1
18510,1
18771,1
19213,1
19915,1
20320,1
20515,1
21011,1
21483,1
21898,1
507,1
1034,1
1035,1
1138,1
2379,1
2564,1
3228,1
3810,1
4435,1
4740,1
5954,1
6335,1
6451,1
7291,1
7469,1
7685,1
7904,1
8287,1
8928,1
9300,1
10067,1
10286,1
10326,1
10681,1
11675,1
11708,1
12685,1
12938,1
13197,1
13748,1
14098,1
15069,1
15138,1
15498,1
16024,1
16046,1
17367,1
17610,1
18385,1
18593,1
18709,1
18855,1
19032,1
19170,1
20230,1
20330,1
20709,1
21400,1
21927,1
22017,1
166,1
260,1
468,1
740,1
1419,1
1648,1
2029,1
2129,1
2490,1
2659,1
3255,1
4203,1
4979,1
5533,1
5787,1
5911,1
6037,1
6438,1
6469,1
6814,1
6904,1
7297,1
7433,1
7545,1
7754,1
7915,1
8692,1
8870,1
8873,1
9357,1
9767,1
9927,1
9942,1
9982,1
9991,1
10119,1
10164,1
10345,1
10516,1
10712,1
11126,1
11307,1
11368,1
11558,1
12456,1
12903,1
12927,1
13087,1
13711,1
14009,1
14365,1
14494,1
14679,1
15480,1
15780,1
17106,1
18169,1
18495,1
18811,1
18816,1
19188,1
19357,1
19722,1
20508,1
20549,1
20895,1
22394,1
778,1
807,1
1533,1
2423,1
2761,1
3249,1
3416,1
3555,1
3562,1
4915,1
5386,1
5540,1
5718,1
5793,1
6790,1
6884,1
7378,1
7390,1
7874,1
8556,1
9237,1
9380,1
9438,1
9478,1
9828,1
10147,1
10312,1
10313,1
10699,1
11893,1
12410,1
12417,1
14699,1
14763,1
15203,1
15376,1
15708,1
15802,1
18180,1
18209,1
19090,1
19337,1
19396,1
20106,1
20381,1
21101,1
21345,1
21537,1
21930,1
380,1
785,1
1171,1
1179,1
2519,1
2693,1
2845,1
2896,1
3727,1
4789,1
5738,1
5976,1
6211,1
6758,1
7167,1
7188,1
7575,1
7630,1
7960,1
8414,1
8659,1
8904,1
11218,1
12720,1
12989,1
13009,1
14419,1
14716,1
14980,1
15578,1
16396,1
16435,1
16485,1
16666,1
17024,1
17594,1
18662,1
19178,1
19227,1
20428,1
21448,1
21620,1
21864,1
21933,1
22270,1
477,1
1161,1
1335,1
1337,1
1966,1
2696,1
3030,1
3589,1
3926,1
4520,1
4662,1
5347,1
5350,1
5859,1
5880,1
5884,1
6256,1
6272,1
6547,1
6767,1
7211,1
7589,1
8648,1
8976,1
9543,1
10548,1
11197,1
11914,1
12266,1
12340,1
12535,1
12636,1
13088,1
13760,1
13777,1
13937,1
14100,1
14389,1
14532,1
14983,1
15015,1
15233,1
16377,1
16827,1
16980,1
17649,1
17912,1
18450,1
20329,1
20417,1
20613,1
21204,1
21258,1
21589,1
22377,1
269,1
465,1
518,1
1379,1
1653,1
2144,1
2513,1
3681,1
4497,1
4682,1
4721,1
4921,1
5563,1
5627,1
5938,1
5986,1
6642,1
6748,1
6941,1
7088,1
7160,1
7312,1
7336,1
7369,1
7627,1
8937,1
8996,1
9289,1
9868,1
9931,1
10097,1
10688,1
11330,1
11714,1
11930,1
12318,1
12399,1
12921,1
13310,1
13568,1
13906,1
14246,1
14657,1
15148,1
15293,1
16008,1
16529,1
16682,1
17237,1
17470,1
17500,1
18297,1
18846,1
19550,1
20145,1
21425,1
21461,1
21944,1
22071,1
22077,1
22235,1
66,1
265,1
1802,1
1954,1
2331,1
2457,1
3082,1
3871,1
3977,1
4239,1
4572,1
5021,1
5129,1
6214,1
6310,1
6440,1
6531,1
7185,1
7513,1
7771,1
8476,1
8804,1
9738,1
9792,1
10121,1
10549,1
10647,1
10938,1
11174,1
11610,1
11944,1
12343,1
12364,1
12421,1
12561,1
12895,1
13457,1
13490,1
13815,1
14198,1
14326,1
14327,1
15316,1
15370,1
15658,1
15859,1
16794,1
16920,1
17908,1
18575,1
18588,1
19301,1
19766,1
20048,1
20274,1
21360,1
21707,1
22253,1
22323,1
22387,1
520,1
1546,1
2067,1
2727,1
2984,1
3018,1
3079,1
3292,1
4586,1
4960,1
5530,1
5919,1
5950,1
6161,1
6821,1
7681,1
7931,1
8043,1
8100,1
8344,1
8441,1
8543,1
8942,1
9265,1
9378,1
9913,1
10572,1
10838,1
11395,1
11396,1
12293,1
12765,1
13620,1
13752,1
13933,1
13991,1
14635,1
14991,1
15042,1
15972,1
16313,1
16767,1
17167,1
17492,1
18609,1
18675,1
18736,1
18807,1
20060,1
20985,1
21552,1
21966,1
162,1
244,1
615,1
869,1
1234,1
1593,1
1709,1
2248,1
2395,1
2728,1
2916,1
3550,1
3600,1
3931,1
3998,1
4556,1
4620,1
4628,1
4688,1
4945,1
5254,1
5996,1
7782,1
8415,1
8481,1
8532,1
8632,1
8800,1
8847,1
9080,1
9417,1
9643,1
10031,1
10918,1
11551,1
12034,1
12046,1
12163,1
12506,1
13420,1
13774,1
14299,1
14401,1
14801,1
16714,1
17074,1
18243,1
18458,1
18477,1
18874,1
19914,1
20982,1
21091,1
21190,1
21592,1
21742,1
21992,1
22143,1
428,1
433,1
525,1
553,1
2038,1
2752,1
3276,1
3281,1
4780,1
4841,1
5541,1
5734,1
7505,1
7814,1
8661,1
9445,1
9962,1
10230,1
10545,1
10804,1
10811,1
10825,1
11086,1
12067,1
12126,1
14014,1
14239,1
15016,1
15117,1
16540,1
16750,1
16929,1
16991,1
17280,1
18134,1
20379,1
20529,1
20623,1
20743,1
22089,1
22297,1
605,1
821,1
875,1
931,1
1301,1
1528,1
2502,1
2733,1
3172,1
3375,1
3578,1
3929,1
4037,1
5109,1
5365,1
5788,1
6004,1
6095,1
6215,1
7572,1
7617,1
7723,1
7836,1
8039,1
8181,1
8842,1
10353,1
10550,1
10920,1
11314,1
11596,1
11680,1
11696,1
11795,1
12261,1
12856,1
15286,1
15359,1
15474,1
15519,1
16192,1
17482,1
17590,1
18132,1
18173,1
18227,1
18442,1
19442,1
19647,1
20221,1
20238,1
21017,1
21201,1
21501,1
22298,1
1082,1
1194,1
2118,1
2481,1
2936,1
2956,1
3551,1
4387,1
4454,1
5250,1
5378,1
5486,1
5906,1
6188,1
8382,1
8450,1
8645,1
8947,1
9482,1
9965,1
10042,1
10045,1
10719,1
10743,1
10772,1
11839,1
11887,1
12625,1
13168,1
14108,1
14629,1
14758,1
15171,1
16114,1
16537,1
17008,1
17755,1
17768,1
17824,1
19130,1
20384,1
20580,1
20667,1
21343,1
21651,1
21916,1
22203,1
22244,1
245,1
645,1
971,1
1081,1
1344,1
1590,1
1596,1
2913,1
3090,1
3336,1
4452,1
4871,1
5032,1
5404,1
5765,1
5870,1
6124,1
6494,1
7970,1
10165,1
11438,1
11626,1
11722,1
11744,1
11835,1
12537,1
12736,1
12931,1
13700,1
14336,1
14769,1
15127,1
15383,1
15388,1
15504,1
15536,1
16231,1
16634,1
17143,1
17968,1
19060,1
19535,1
20053,1
20604,1
20640,1
20687,1
20918,1
20965,1
22459,1
359,1
422,1
634,1
1315,1
1565,1
2039,1
2155,1
2893,1
2910,1
3278,1
3358,1
3573,1
5892,1
6268,1
6995,1
7262,1
8226,1
8430,1
8522,1
8603,1
9082,1
9355,1
9429,1
9498,1
9517,1
9748,1
10209,1
10335,1
11380,1
11952,1
12582,1
12955,1
13488,1
13904,1
13927,1
13934,1
13986,1
14347,1
15113,1
15234,1
15971,1
17975,1
18544,1
18988,1
19277,1
19328,1
19751,1
19974,1
20647,1
21615,1
76,1
1204,1
1386,1
1507,1
1784,1
1837,1
2661,1
2683,1
2866,1
3346,1
3596,1
3763,1
4438,1
4567,1
4581,1
4782,1
4927,1
5440,1
5937,1
6119,1
6901,1
7420,1
7666,1
8093,1
8487,1
9800,1
10157,1
10357,1
10998,1
11484,1
11635,1
11788,1
11790,1
12210,1
12230,1
12560,1
12838,1
12887,1
13067,1
13580,1
13588,1
14632,1
15479,1
16066,1
16098,1
16836,1
17134,1
17665,1
18077,1
18667,1
18671,1
19059,1
20294,1
20648,1
21322,1
21568,1
22359,1
565,1
991,1
1578,1
1973,1
2303,1
2432,1
2485,1
3516,1
4007,1
4102,1
4160,1
4197,1
4261,1
4596,1
4799,1
4965,1
6016,1
6117,1
6224,1
6554,1
6979,1
7056,1
7779,1
7817,1
8090,1
8115,1
8750,1
9121,1
9912,1
10013,1
12415,1
12626,1
13066,1
13139,1
13741,1
13743,1
14727,1
15581,1
15930,1
16500,1
16653,1
17752,1
17800,1
17819,1
18039,1
18116,1
18213,1
18461,1
18896,1
20190,1
20350,1
20449,1
20535,1
20740,1
21043,1
21858,1
22030,1
506,1
745,1
892,1
2330,1
2393,1
3044,1
3068,1
3159,1
3500,1
4430,1
4904,1
5004,1
5140,1
5348,1
5461,1
5789,1
5973,1
7180,1
7410,1
7587,1
8339,1
9088,1
9190,1
9194,1
9426,1
9480,1
9768,1
10158,1
10605,1
10634,1
11386,1
12099,1
13467,1
13473,1
13531,1
13563,1
14901,1
14965,1
15326,1
15865,1
16074,1
17341,1
17812,1
17828,1
18419,1
18813,1
20846,1
21205,1
22195,1
22224,1
22413,1
163,1
898,1
1188,1
1659,1
1714,1
1753,1
1980,1
2063,1
2538,1
2838,1
2873,1
2986,1
3406,1
3844,1
4352,1
4418,1
4675,1
4949,1
5044,1
6229,1
6770,1
6835,1
6861,1
7044,1
9484,1
9892,1
11639,1
11712,1
13374,1
13422,1
13693,1
14137,1
15306,1
15478,1
15768,1
16060,1
16881,1
17123,1
19397,1
19446,1
20732,1
21714,1
22348,1
1962,1
2260,1
2401,1
2540,1
3293,1
4638,1
4865,1
7069,1
7407,1
7907,1
8939,1
9635,1
10762,1
11445,1
11845,1
13629,1
14039,1
14088,1
14235,1
14732,1
14909,1
15228,1
15857,1
16084,1
16107,1
16194,1
16269,1
18136,1
18150,1
18365,1
19095,1
19995,1
20534,1
21282,1
21553,1
21602,1
21609,1
21617,1
21743,1
21749,1
21875,1
22304,1
118,1
524,1
1380,1
1872,1
1892,1
2136,1
3164,1
4110,1
4842,1
5493,1
5669,1
5682,1
6977,1
7043,1
7286,1
8614,1
9075,1
9353,1
9763,1
10016,1
10207,1
10595,1
10795,1
10872,1
11932,1
12363,1
14263,1
14550,1
15852,1
15925,1
17034,1
17097,1
17700,1
17795,1
17832,1
17937,1
18716,1
18795,1
18870,1
19400,1
19592,1
19612,1
19988,1
20181,1
20243,1
20408,1
20909,1
21109,1
21391,1
21612,1
21677,1
21722,1
22222,1
22281,1
272,1
687,1
1455,1
2430,1
3321,1
3654,1
3856,1
4177,1
4334,1
4766,1
5071,1
5313,1
6028,1
6488,1
6631,1
6740,1
7281,1
7386,1
8331,1
8431,1
8480,1
9184,1
9765,1
10480,1
10775,1
11886,1
13968,1
14771,1
15004,1
15985,1
17152,1
17498,1
17661,1
18630,1
18865,1
18915,1
18978,1
19375,1
20129,1
20986,1
21309,1
21372,1
21513,1
22285,1
652,1
1272,1
1479,1
2141,1
2301,1
2836,1
2917,1
3231,1
4165,1
4800,1
5012,1
5450,1
5837,1
6057,1
6636,1
7440,1
7795,1
8510,1
8644,1
9613,1
9837,1
10650,1
10703,1
10750,1
10791,1
10971,1
11378,1
11723,1
11732,1
11979,1
12843,1
13142,1
13419,1
13914,1
14170,1
14309,1
14914,1
15137,1
15451,1
15608,1
15616,1
15877,1
16068,1
16104,1
16259,1
16937,1
16985,1
17681,1
19211,1
19435,1
19668,1
20284,1
20397,1
20517,1
21285,1
21376,1
21505,1
302,1
984,1
1667,1
1913,1
1971,1
2035,1
2200,1
2450,1
3604,1
3738,1
3883,1
4272,1
4366,1
5502,1
6148,1
6515,1
7031,1
7529,1
8624,1
8844,1
9058,1
10003,1
10089,1
10161,1
10277,1
10280,1
11305,1
11375,1
11412,1
11763,1
11807,1
11898,1
12022,1
12051,1
12152,1
12271,1
12310,1
12885,1
13493,1
13972,1
14572,1
15058,1
16229,1
16619,1
17734,1
20021,1
20492,1
21095,1
21905,1
2096,1
2264,1
2447,1
2633,1
3078,1
3227,1
3350,1
3656,1
3670,1
3819,1
4121,1
4885,1
5598,1
5745,1
6143,1
6437,1
6878,1
6928,1
8017,1
8642,1
8880,1
9208,1
9216,1
9785,1
10180,1
10188,1
10491,1
10883,1
11806,1
12655,1
12676,1
13409,1
13921,1
14372,1
14892,1
15989,1
16600,1
16775,1
17677,1
17822,1
19021,1
19296,1
19413,1
19595,1
20370,1
20378,1
20561,1
21418,1
21934,1
22434,1
408,1
2046,1
2099,1
3101,1
3168,1
3708,1
3851,1
4043,1
4621,1
5407,1
5645,1
5728,1
5979,1
6484,1
6668,1
7890,1
9381,1
9801,1
10032,1
10050,1
10774,1
10847,1
10896,1
11628,1
12002,1
12049,1
12258,1
12912,1
14079,1
14594,1
15324,1
16318,1
16621,1
17173,1
17306,1
17366,1
18091,1
18165,1
18618,1
18635,1
19007,1
19786,1
19884,1
20039,1
20301,1
21782,1
22211,1
579,1
780,1
1824,1
2262,1
2494,1
2541,1
3190,1
4282,1
4322,1
4683,1
5191,1
5292,1
5584,1
6737,1
7020,1
7660,1
8016,1
8189,1
10521,1
10652,1
10922,1
12274,1
12438,1
13350,1
13451,1
13647,1
14607,1
15386,1
15428,1
15457,1
15826,1
16029,1
16926,1
17651,1
18258,1
18303,1
18403,1
18881,1
20371,1
20821,1
20885,1
20942,1
21234,1
21947,1
22424,1
1072,1
1886,1
2093,1
3075,1
3191,1
3585,1
4853,1
5534,1
5810,1
6006,1
6021,1
6026,1
6435,1
6788,1
7118,1
7780,1
7954,1
8458,1
8617,1
8922,1
8998,1
9062,1
9573,1
10243,1
11805,1
11847,1
12054,1
12571,1
12577,1
12747,1
12773,1
13135,1
13696,1
14010,1
14505,1
14853,1
15564,1
15722,1
15792,1
15862,1
16135,1
16683,1
17029,1
17039,1
17489,1
18013,1
18326,1
18391,1
18401,1
19058,1
19094,1
19318,1
19490,1
19693,1
19736,1
19910,1
21788,1
22039,1
125,1
140,1
1416,1
2139,1
2343,1
3351,1
4146,1
4155,1
4260,1
4555,1
4613,1
4803,1
6345,1
6877,1
7260,1
7385,1
7942,1
8289,1
8489,1
9853,1
10474,1
11263,1
11936,1
13389,1
14373,1
14518,1
14835,1
14933,1
15241,1
15365,1
15431,1
15483,1
15501,1
15746,1
16067,1
16440,1
16612,1
17050,1
17160,1
17573,1
18030,1
18049,1
19010,1
19038,1
19084,1
19286,1
19497,1
20296,1
20831,1
21574,1
21983,1
22150,1
22406,1
1499,1
1541,1
1615,1
2005,1
2600,1
2997,1
4941,1
4998,1
5263,1
6570,1
6845,1
6903,1
7030,1
7176,1
7317,1
7463,1
8445,1
9569,1
10835,1
11433,1
11540,1
11572,1
11695,1
11770,1
12287,1
14610,1
15068,1
15091,1
15507,1
15754,1
16069,1
17888,1
18063,1
19299,1
19422,1
20147,1
20622,1
20701,1
20749,1
20755,1
21052,1
21270,1
21994,1
22246,1
22379,1
670,1
1070,1
2023,1
2777,1
2863,1
2872,1
3008,1
4201,1
5327,1
5552,1
6953,1
6967,1
7659,1
8262,1
8756,1
8984,1
10185,1
10508,1
11162,1
11707,1
12174,1
12556,1
13215,1
13414,1
13672,1
13724,1
15088,1
16385,1
16963,1
17081,1
19145,1
19600,1
19975,1
20197,1
20471,1
21405,1
21444,1
21732,1
21762,1
22447,1
475,1
913,1
1086,1
1148,1
1575,1
1628,1
1646,1
1791,1
2095,1
2258,1
2523,1
3367,1
3388,1
3686,1
4014,1
4081,1
5043,1
6356,1
7417,1
7743,1
8291,1
9305,1
9428,1
9575,1
9984,1
10155,1
10683,1
10756,1
10846,1
11116,1
11664,1
11752,1
11853,1
12479,1
12602,1
12763,1
13712,1
14544,1
14890,1
14952,1
14976,1
15142,1
15591,1
16376,1
16918,1
16958,1
17283,1
17418,1
17447,1
17471,1
17806,1
18179,1
18556,1
19107,1
19186,1
19352,1
19666,1
20220,1
20767,1
21584,1
22365,1
22457,1
374,1
681,1
860,1
1014,1
1162,1
1318,1
2500,1
3422,1
3890,1
5362,1
5435,1
5558,1
6801,1
7255,1
7490,1
7568,1
7891,1
8185,1
8528,1
9794,1
10518,1
10722,1
10800,1
11028,1
11313,1
11755,1
11831,1
12180,1
12717,1
14222,1
14964,1
15355,1
15583,1
15967,1
16077,1
16161,1
16255,1
16515,1
16856,1
16913,1
17896,1
18065,1
18712,1
18719,1
19219,1
19628,1
19825,1
20605,1
20633,1
21349,1
733,1
1554,1
2122,1
2166,1
2217,1
2867,1
3035,1
3527,1
3718,1
4266,1
4690,1
4702,1
4844,1
4849,1
4916,1
5376,1
6080,1
6191,1
6934,1
7495,1
7801,1
8306,1
8602,1
8686,1
9197,1
9592,1
10124,1
10394,1
10704,1
11552,1
12313,1
12428,1
12709,1
12834,1
13118,1
13382,1
13440,1
13768,1
13971,1
14337,1
14704,1
14985,1
15869,1
16310,1
16460,1
16684,1
16911,1
17251,1
17999,1
18509,1
18822,1
19482,1
19620,1
20324,1
20426,1
20432,1
20527,1
20614,1
20832,1
21299,1
286,1
598,1
1170,1
1197,1
1311,1
2425,1
2686,1
2689,1
2780,1
3126,1
3273,1
3313,1
3525,1
4070,1
4186,1
5389,1
5514,1
5538,1
6403,1
7256,1
7640,1
7807,1
8337,1
8354,1
8427,1
8479,1
8811,1
9157,1
10659,1
11088,1
11880,1
11961,1
12053,1
13076,1
13217,1
13529,1
13646,1
13827,1
14527,1
15204,1
15219,1
15268,1
15335,1
16582,1
16745,1
17032,1
18140,1
18318,1
18321,1
18633,1
19004,1
19202,1
19655,1
20054,1
20520,1
20652,1
21007,1
21218,1
21313,1
21380,1
21841,1
1223,1
1932,1
2504,1
2844,1
2977,1
3565,1
3626,1
3667,1
3978,1
5320,1
5399,1
5624,1
5749,1
6286,1
7339,1
7628,1
8834,1
8839,1
9169,1
9180,1
9272,1
9619,1
10823,1
11811,1
11956,1
12282,1
12336,1
12611,1
13618,1
13685,1
14270,1
14454,1
15520,1
15660,1
15916,1
16672,1
17168,1
17733,1
18108,1
18186,1
18328,1
19359,1
19402,1
20668,1
20900,1
21656,1
21797,1
137,1
626,1
1563,1
1914,1
1922,1
2150,1
2521,1
2811,1
3088,1
3166,1
3297,1
3325,1
3959,1
4123,1
5060,1
5153,1
5633,1
6386,1
6685,1
7373,1
8051,1
9848,1
11522,1
11781,1
11866,1
12033,1
13110,1
13594,1
14140,1
14807,1
15642,1
15924,1
16571,1
17916,1
18875,1
19372,1
19911,1
20207,1
21263,1
22126,1
22169,1
135,1
547,1
1633,1
2271,1
2793,1
2907,1
3881,1
7199,1
8193,1
9139,1
9491,1
9673,1
10322,1
10877,1
11622,1
11731,1
13660,1
13734,1
13951,1
14188,1
14857,1
16202,1
16354,1
16581,1
16988,1
17561,1
17770,1
18305,1
18376,1
18699,1
19888,1
20175,1
20630,1
20735,1
20852,1
20993,1
22016,1
22161,1
1216,1
1298,1
2127,1
2249,1
2292,1
4512,1
5381,1
5467,1
5958,1
6514,1
6577,1
6935,1
7085,1
8833,1
8923,1
9612,1
10191,1
10220,1
10680,1
10916,1
11053,1
12201,1
12614,1
13044,1
13328,1
13495,1
14298,1
14339,1
14717,1
14997,1
15040,1
15927,1
17409,1
17479,1
19057,1
19235,1
19606,1
19823,1
20119,1
20519,1
21377,1
21604,1
22088,1
22146,1
59,1
372,1
1144,1
1413,1
1470,1
2125,1
2799,1
3116,1
3744,1
5330,1
6307,1
7943,1
8580,1
8877,1
9872,1
9963,1
10489,1
11202,1
11900,1
12531,1
12794,1
12883,1
12991,1
13129,1
13222,1
13513,1
13681,1
13830,1
15025,1
15529,1
16783,1
17117,1
17331,1
17494,1
18271,1
18817,1
18985,1
19185,1
19216,1
19643,1
19860,1
19869,1
20447,1
20759,1
21198,1
21804,1
651,1
759,1
1093,1
1169,1
1333,1
1352,1
2132,1
2948,1
3064,1
3206,1
3254,1
3478,1
4367,1
5291,1
6030,1
6149,1
6493,1
6779,1
6880,1
6970,1
7244,1
7965,1
8122,1
8670,1
10186,1
10260,1
10602,1
10964,1
11705,1
11951,1
12217,1
12529,1
12585,1
13162,1
14277,1
14357,1
14621,1
15184,1
15248,1
16045,1
16649,1
16905,1
18578,1
20003,1
20469,1
310,1
313,1
985,1
1030,1
1385,1
1686,1
2454,1
2528,1
4078,1
4105,1
4807,1
4918,1
5034,1
5568,1
5731,1
6114,1
6299,1
6377,1
7334,1
8916,1
9146,1
10197,1
10720,1
11478,1
11907,1
12488,1
12522,1
12805,1
12942,1
13281,1
13365,1
13613,1
14073,1
14755,1
15783,1
16247,1
17872,1
18143,1
18637,1
18830,1
19470,1
19920,1
21084,1
21235,1
21300,1
21593,1
22307,1
1320,1
1579,1
1621,1
1881,1
2950,1
3316,1
3536,1
4428,1
4703,1
4829,1
6538,1
6548,1
6630,1
7073,1
7330,1
7770,1
7889,1
8594,1
8607,1
9536,1
9587,1
9977,1
10414,1
10806,1
12604,1
13448,1
13528,1
13819,1
16224,1
16353,1
17390,1
18310,1
19461,1
20637,1
20763,1
21275,1
21990,1
180,1
195,1
438,1
648,1
1417,1
1457,1
1749,1
2638,1
3344,1
4858,1
5691,1
5849,1
7485,1
7825,1
7844,1
8007,1
8020,1
8428,1
10012,1
10796,1
10942,1
10996,1
12317,1
12420,1
12673,1
12858,1
13097,1
13675,1
14200,1
14837,1
14882,1
14954,1
14960,1
16284,1
16495,1
17298,1
17449,1
18256,1
18659,1
18775,1
18849,1
18929,1
18999,1
20169,1
20270,1
20756,1
21305,1
22033,1
22337,1
22408,1
38,1
82,1
472,1
523,1
1220,1
1871,1
2108,1
2135,1
2589,1
4455,1
5395,1
5841,1
6991,1
7022,1
7820,1
7901,1
8310,1
8650,1
9046,1
9089,1
9103,1
9530,1
10527,1
10817,1
10822,1
11208,1
12294,1
13640,1
13903,1
14776,1
15071,1
15152,1
15589,1
15777,1
15793,1
15958,1
16329,1
16516,1
16610,1
16663,1
17327,1
17511,1
17735,1
18311,1
18414,1
18489,1
19306,1
19425,1
19713,1
19965,1
19987,1
20262,1
21958,1
22397,1
980,1
1630,1
3307,1
3310,1
3620,1
3625,1
3789,1
3790,1
4537,1
4612,1
4679,1
4713,1
4776,1
4852,1
5322,1
5474,1
5820,1
6367,1
6539,1
7213,1
7239,1
7700,1
7769,1
8399,1
8851,1
9390,1
9935,1
10184,1
10625,1
10859,1
10934,1
12433,1
12675,1
13022,1
13705,1
14145,1
15176,1
15302,1
16454,1
16481,1
16878,1
17181,1
17342,1
17652,1
17704,1
17826,1
18133,1
18596,1
19338,1
19399,1
20219,1
20484,1
20552,1
21866,1
42,1
401,1
895,1
1180,1
1382,1
2169,1
2189,1
2888,1
3568,1
3638,1
3876,1
4403,1
4891,1
5015,1
5676,1
5868,1
6246,1
6368,1
6872,1
7189,1
7331,1
7636,1
7775,1
7885,1
8165,1
8885,1
9288,1
9756,1
10784,1
11288,1
11325,1
11681,1
12060,1
12391,1
12815,1
15145,1
15767,1
16326,1
16572,1
16613,1
16729,1
16850,1
17158,1
17273,1
17749,1
17844,1
18418,1
19089,1
19160,1
19214,1
19262,1
19419,1
20242,1
21420,1
21968,1
457,1
1852,1
2381,1
2679,1
2721,1
2770,1
3335,1
3450,1
5076,1
5246,1
5678,1
5772,1
5944,1
6048,1
6525,1
7283,1
7824,1
8225,1
8674,1
8787,1
8798,1
9267,1
10075,1
10646,1
10766,1
10958,1
11757,1
13033,1
13905,1
14069,1
14287,1
14370,1
14520,1
14565,1
14761,1
15034,1
15212,1
15790,1
16912,1
18112,1
18547,1
19528,1
20367,1
20540,1
20804,1
22113,1
312,1
771,1
1029,1
1104,1
2073,1
3192,1
3928,1
3946,1
3997,1
4149,1
4172,1
4709,1
4937,1
6106,1
6798,1
6944,1
7229,1
7561,1
8676,1
8758,1
9827,1
10662,1
11356,1
12077,1
12628,1
13648,1
13942,1
14926,1
15508,1
15757,1
16111,1
16304,1
16343,1
17000,1
17291,1
17372,1
17746,1
18437,1
18916,1
18955,1
19994,1
20044,1
20184,1
20258,1
21181,1
21557,1
21607,1
21720,1
21746,1
597,1
674,1
764,1
812,1
1043,1
1848,1
2055,1
2274,1
2428,1
2657,1
3055,1
3104,1
3389,1
4202,1
5028,1
5310,1
5831,1
5864,1
5876,1
6157,1
6454,1
6756,1
6831,1
6906,1
7192,1
8345,1
9041,1
9159,1
9948,1
9950,1
10682,1
10705,1
10955,1
11186,1
11238,1
12792,1
12935,1
12981,1
13041,1
13320,1
14004,1
14599,1
15276,1
15460,1
15467,1
16142,1
16169,1
16288,1
16297,1
16622,1
16703,1
16795,1
17290,1
17825,1
18055,1
19788,1
20300,1
21066,1
22462,1
23,1
117,1
1961,1
2846,1
4180,1
4246,1
4422,1
4924,1
6520,1
7455,1
7459,1
9213,1
9466,1
10152,1
10212,1
10305,1
10348,1
11730,1
12035,1
12140,1
12539,1
12771,1
13181,1
13277,1
13392,1
13398,1
13450,1
16242,1
16412,1
17597,1
18474,1
18728,1
19745,1
19991,1
21159,1
21711,1
21945,1
22271,1
121,1
1285,1
1828,1
2465,1
2548,1
3583,1
3755,1
4169,1
4427,1
4469,1
4757,1
5466,1
5791,1
6288,1
6867,1
7081,1
7396,1
7832,1
8140,1
8938,1
9726,1
9734,1
10266,1
10356,1
10635,1
10765,1
11156,1
11365,1
12257,1
12566,1
12678,1
12919,1
13114,1
13561,1
13655,1
13761,1
13779,1
13894,1
14331,1
15391,1
16271,1
16546,1
18058,1
19271,1
19389,1
19895,1
20231,1
20851,1
21953,1
22409,1
22441,1
284,1
358,1
409,1
987,1
1008,1
1414,1
1660,1
2561,1
2614,1
3023,1
3467,1
3968,1
4017,1
4658,1
5308,1
5515,1
6034,1
6462,1
6517,1
6582,1
6947,1
7003,1
7554,1
7951,1
8173,1
8283,1
9200,1
9247,1
9533,1
9733,1
10015,1
10460,1
11575,1
11782,1
12105,1
12228,1
12231,1
12808,1
12864,1
13479,1
14829,1
15336,1
15575,1
15917,1
16165,1
16941,1
17278,1
17722,1
18740,1
19414,1
19547,1
20311,1
20357,1
20425,1
21413,1
21650,1
22451,1
1383,1
1459,1
1525,1
1874,1
2028,1
2363,1
3179,1
3461,1
4027,1
4303,1
4673,1
5359,1
5522,1
5686,1
5707,1
5779,1
6482,1
6711,1
7105,1
7338,1
7559,1
8073,1
8934,1
8969,1
9313,1
10409,1
10522,1
11503,1
11902,1
12330,1
12637,1
13360,1
13539,1
13592,1
13635,1
13824,1
14728,1
14924,1
14990,1
15000,1
16025,1
16715,1
17281,1
17422,1
17567,1
17835,1
18218,1
19295,1
19604,1
20014,1
20177,1
20222,1
20256,1
20344,1
21016,1
21136,1
21321,1
21660,1
616,1
1133,1
1178,1
1365,1
2407,1
2645,1
2716,1
2937,1
3007,1
3065,1
3298,1
3593,1
3627,1
3962,1
4460,1
4946,1
5002,1
5181,1
5243,1
5269,1
5665,1
5723,1
6559,1
6585,1
6929,1
7580,1
7838,1
8599,1
8829,1
10255,1
10265,1
10855,1
11844,1
12043,1
12129,1
13030,1
14119,1
15089,1
15795,1
15804,1
16837,1
17009,1
17817,1
17927,1
18351,1
18968,1
19164,1
19273,1
19290,1
19526,1
20453,1
21143,1
21289,1
21363,1
21576,1
21761,1
21868,1
22414,1
444,1
617,1
676,1
799,1
976,1
1713,1
1939,1
1989,1
2065,1
3286,1
3725,1
4046,1
4962,1
5319,1
5371,1
5380,1
5411,1
5430,1
6035,1
6281,1
6499,1
7428,1
7773,1
8175,1
8270,1
8459,1
8460,1
8812,1
8850,1
9448,1
9461,1
9568,1
9805,1
10073,1
10551,1
10700,1
10785,1
11076,1
11388,1
11417,1
11691,1
12052,1
12162,1
12679,1
13510,1
14087,1
15805,1
15903,1
15939,1
15975,1
16350,1
16763,1
16848,1
17025,1
17478,1
17547,1
17805,1
18060,1
18520,1
19150,1
19351,1
19495,1
19657,1
20377,1
20389,1
21281,1
21495,1
22144,1
387,1
885,1
2128,1
2398,1
2631,1
2652,1
2756,1
2993,1
3244,1
3348,1
4398,1
4404,1
5442,1
5643,1
5786,1
5991,1
6571,1
6718,1
6896,1
7527,1
8383,1
8541,1
8587,1
8703,1
8766,1
9161,1
9189,1
9649,1
9650,1
9757,1
9855,1
10331,1
10524,1
11702,1
12292,1
13006,1
13014,1
13354,1
13851,1
14206,1
14986,1
15956,1
16152,1
16272,1
16719,1
16784,1
17566,1
17608,1
17709,1
18036,1
18068,1
18599,1
18882,1
19024,1
19996,1
20030,1
22272,1
22320,1
354,1
483,1
1313,1
1610,1
1732,1
2677,1
2928,1
2930,1
3347,1
3982,1
4054,1
4115,1
4692,1
4994,1
5839,1
6061,1
6847,1
7383,1
7865,1
7886,1
8044,1
9674,1
9880,1
9997,1
10029,1
10403,1
10464,1
10966,1
11319,1
11531,1
12475,1
13113,1
13673,1
13766,1
13948,1
14385,1
14715,1
15618,1
15873,1
16037,1
16245,1
16522,1
16575,1
16825,1
16925,1
18275,1
18641,1
19166,1
19467,1
19802,1
20915,1
20929,1
21022,1
21243,1
476,1
1450,1
1564,1
1637,1
2152,1
2388,1
2462,1
3721,1
3924,1
4345,1
4566,1
4877,1
5889,1
6180,1
6504,1
8053,1
8202,1
8364,1
8588,1
8774,1
8836,1
10628,1
10725,1
10992,1
12620,1
12710,1
13090,1
13199,1
13291,1
13799,1
14135,1
14142,1
14281,1
14378,1
14739,1
14894,1
15751,1
15960,1
16009,1
16123,1
16949,1
17141,1
17264,1
17270,1
17505,1
17741,1
17894,1
17946,1
18497,1
18649,1
19450,1
19546,1
19561,1
19847,1
20477,1
20686,1
20798,1
20928,1
21737,1
793,1
862,1
2083,1
2602,1
3186,1
3443,1
3706,1
4212,1
4351,1
4644,1
4712,1
4734,1
5402,1
5423,1
5725,1
5732,1
6002,1
6434,1
6516,1
6988,1
8578,1
8771,1
9830,1
10279,1
11241,1
12005,1
12435,1
13069,1
13637,1
14159,1
14167,1
14806,1
15229,1
16118,1
16148,1
16300,1
16617,1
17122,1
19108,1
19855,1
20086,1
20134,1
20376,1
21193,1
21264,1
21724,1
22176,1
545,1
1026,1
1904,1
2156,1
2609,1
3723,1
4349,1
4607,1
4641,1
5654,1
6105,1
6464,1
6902,1
7163,1
7696,1
8326,1
8391,1
8491,1
8521,1
9047,1
9167,1
9898,1
9906,1
9914,1
10691,1
11252,1
12109,1
12341,1
13671,1
13868,1
13876,1
14187,1
14269,1
14367,1
14460,1
14974,1
15378,1
15471,1
15494,1
16049,1
16631,1
16708,1
17648,1
17676,1
17788,1
18324,1
19102,1
19445,1
19636,1
20303,1
20988,1
21480,1
22273,1
22315,1
22439,1
798,1
1260,1
1411,1
3157,1
4205,1
4269,1
4350,1
4532,1
4811,1
4984,1
5358,1
5616,1
5708,1
5903,1
5924,1
6333,1
7483,1
7533,1
7581,1
8649,1
9598,1
10328,1
10888,1
10891,1
10910,1
15067,1
16250,1
16491,1
16724,1
16873,1
17185,1
17410,1
18360,1
18496,1
19576,1
19601,1
19939,1
20006,1
20327,1
20944,1
21647,1
22054,1
93,1
566,1
569,1
633,1
969,1
2408,1
3000,1
3508,1
3582,1
3693,1
5119,1
5511,1
7214,1
7360,1
7758,1
8711,1
9123,1
9278,1
9396,1
9703,1
10189,1
12772,1
12986,1
14387,1
16718,1
17625,1
17827,1
18493,1
18956,1
19360,1
19377,1
19508,1
19571,1
19677,1
19809,1
19886,1
21124,1
21228,1
22047,1
22324,1
40,1
251,1
366,1
707,1
1183,1
1477,1
1644,1
2295,1
2992,1
3187,1
3359,1
4198,1
6954,1
7624,1
8136,1
8374,1
8605,1
9238,1
9320,1
10167,1
10569,1
10903,1
11020,1
11161,1
11285,1
11641,1
11833,1
11841,1
11873,1
11985,1
13103,1
13346,1
14360,1
16180,1
16182,1
16418,1
17276,1
17302,1
17497,1
18247,1
18567,1
18587,1
18750,1
19468,1
20034,1
20171,1
20458,1
21177,1
21297,1
21449,1
22066,1
282,1
1492,1
1539,1
1604,1
1616,1
1834,1
2000,1
4156,1
4391,1
4481,1
4606,1
4854,1
5167,1
5454,1
6590,1
6594,1
7039,1
7423,1
8030,1
8210,1
8358,1
8463,1
9338,1
9697,1
9921,1
10658,1
11073,1
11760,1
11773,1
11827,1
11862,1
11958,1
11990,1
12367,1
12494,1
12777,1
13147,1
13214,1
13747,1
13816,1
13954,1
14103,1
14811,1
14819,1
15835,1
15999,1
16347,1
16831,1
17706,1
19028,1
19651,1
20306,1
20747,1
20891,1
22152,1
22232,1
22249,1
787,1
1294,1
1495,1
1839,1
2267,1
4554,1
4952,1
5090,1
5190,1
5323,1
5336,1
6428,1
6924,1
7512,1
7531,1
7724,1
7733,1
8128,1
8900,1
8962,1
9472,1
9497,1
9654,1
10638,1
10999,1
11130,1
11155,1
12234,1
12388,1
12532,1
12818,1
12827,1
13038,1
13124,1
13298,1
14421,1
15011,1
15017,1
15932,1
16401,1
16463,1
16945,1
17467,1
17555,1
17587,1
18101,1
18241,1
18845,1
18914,1
19617,1
19719,1
19814,1
20313,1
20727,1
21469,1
21476,1
22184,1
183,1
527,1
571,1
728,1
837,1
1032,1
1142,1
2049,1
2375,1
2446,1
2574,1
2889,1
3248,1
3730,1
3765,1
4133,1
4308,1
4327,1
4444,1
4570,1
4920,1
4968,1
5374,1
6073,1
6601,1
7124,1
7464,1
7730,1
7853,1
7863,1
7864,1
7902,1
8066,1
9838,1
10058,1
10107,1
10711,1
11032,1
11652,1
11689,1
11796,1
11980,1
12103,1
12471,1
13489,1
13879,1
13912,1
14474,1
14612,1
14884,1
14970,1
15077,1
15207,1
15352,1
15661,1
15699,1
15880,1
16030,1
16765,1
16909,1
17077,1
17136,1
17774,1
18027,1
18339,1
19006,1
19675,1
19968,1
20669,1
21002,1
21685,1
263,1
1057,1
1165,1
1870,1
2321,1
2697,1
3033,1
3124,1
3315,1
4008,1
4408,1
4878,1
5429,1
6005,1
6289,1
6826,1
7698,1
8475,1
8591,1
8966,1
9129,1
10371,1
10532,1
10863,1
11075,1
12303,1
12339,1
12444,1
12501,1
12797,1
13246,1
13524,1
13710,1
13896,1
14463,1
14489,1
14586,1
14767,1
14781,1
15382,1
15962,1
16234,1
16390,1
16801,1
18774,1
18938,1
19068,1
19169,1
20573,1
20870,1
21698,1
22048,1
22159,1
16,1
1022,1
1442,1
1708,1
2243,1
2361,1
2627,1
2905,1
3123,1
3245,1
3371,1
4274,1
4320,1
4655,1
5101,1
5113,1
5205,1
5898,1
6907,1
6948,1
7565,1
7756,1
8114,1
8953,1
9499,1
9993,1
10041,1
11476,1
11694,1
12355,1
14096,1
14500,1
15175,1
15525,1
16101,1
17743,1
18252,1
18612,1
18839,1
20392,1
20907,1
21092,1
21170,1
21686,1
612,1
1039,1
2269,1
2702,1
2978,1
3299,1
3661,1
3850,1
4505,1
4745,1
4837,1
5145,1
5856,1
6135,1
6304,1
7154,1
7453,1
7737,1
9443,1
9547,1
11048,1
11237,1
11403,1
11733,1
12663,1
12758,1
12876,1
13180,1
13295,1
13965,1
14138,1
15118,1
15214,1
15260,1
15309,1
15348,1
15489,1
15875,1
16222,1
16458,1
17473,1
17493,1
17998,1
18590,1
19168,1
19199,1
19206,1
19627,1
19966,1
20684,1
20998,1
21175,1
22428,1
267,1
357,1
584,1
667,1
788,1
2060,1
2332,1
3435,1
4362,1
4565,1
4787,1
5114,1
5595,1
5662,1
5920,1
7521,1
8059,1
8074,1
8180,1
9011,1
9014,1
9155,1
9346,1
9395,1
9981,1
10083,1
10169,1
10404,1
11573,1
11764,1
12141,1
12668,1
12824,1
13371,1
13683,1
13686,1
14927,1
15305,1
15679,1
16527,1
16669,1
17702,1
17729,1
18099,1
19039,1
19257,1
19714,1
19983,1
20016,1
20110,1
20374,1
21183,1
21567,1
21591,1
21728,1
398,1
1067,1
1645,1
1652,1
1952,1
2146,1
2427,1
3301,1
3470,1
3745,1
4124,1
4548,1
4617,1
5176,1
6031,1
6460,1
7748,1
8983,1
9286,1
9831,1
10604,1
10911,1
11406,1
12528,1
13586,1
13651,1
15393,1
15966,1
16317,1
16352,1
16893,1
17375,1
18020,1
18713,1
19085,1
19138,1
19506,1
19597,1
20254,1
20720,1
20845,1
21654,1
21664,1
21779,1
21847,1
22121,1
489,1
625,1
1288,1
1439,1
1523,1
1603,1
1819,1
2126,1
2213,1
2626,1
2947,1
2962,1
3058,1
4661,1
4774,1
5649,1
6122,1
6126,1
6303,1
6604,1
6868,1
6882,1
9920,1
10162,1
10415,1
11030,1
11965,1
12400,1
12588,1
12716,1
12844,1
13284,1
13867,1
14663,1
14689,1
14937,1
15334,1
15548,1
16157,1
16230,1
16934,1
17786,1
18249,1
18472,1
18770,1
18818,1
19106,1
19807,1
21924,1
22067,1
22221,1
22418,1
148,1
531,1
972,1
1394,1
1748,1
1755,1
1851,1
2688,1
3176,1
3212,1
3425,1
4836,1
5445,1
5747,1
6405,1
6701,1
6707,1
7415,1
7560,1
8088,1
8662,1
8838,1
9397,1
9570,1
10026,1
11255,1
11312,1
11651,1
12074,1
12826,1
13938,1
14226,1
14351,1
16140,1
16897,1
17840,1
18255,1
18417,1
18466,1
19997,1
20002,1
20058,1
20310,1
20437,1
20536,1
20904,1
20968,1
21003,1
21665,1
21668,1
22036,1
22145,1
169,1
786,1
1268,1
1384,1
2617,1
2801,1
3455,1
3560,1
3747,1
3749,1
3774,1
5491,1
6270,1
6300,1
7584,1
8315,1
9212,1
9290,1
9387,1
10358,1
10879,1
10931,1
11067,1
11163,1
11219,1
12702,1
13060,1
13247,1
14788,1
15027,1
15189,1
15320,1
16013,1
16220,1
16679,1
16814,1
17071,1
17368,1
17571,1
17675,1
17785,1
17900,1
17965,1
18041,1
18524,1
18565,1
18605,1
18639,1
19258,1
20702,1
20803,1
20896,1
22114,1
273,1
1033,1
1105,1
1158,1
1511,1
1656,1
1854,1
2587,1
2641,1
3002,1
3289,1
3720,1
3872,1
4490,1
5290,1
6392,1
6417,1
6894,1
7340,1
9025,1
9302,1
10536,1
11042,1
11959,1
12048,1
12090,1
12383,1
12951,1
13384,1
13442,1
13797,1
13840,1
14432,1
15296,1
15420,1
15643,1
15882,1
16439,1
16903,1
16942,1
17005,1
18022,1
18965,1
19313,1
19958,1
20201,1
20399,1
20571,1
20799,1
21187,1
21504,1
21689,1
21725,1
22142,1
22384,1
340,1
458,1
1092,1
1147,1
1214,1
1704,1
1836,1
2692,1
2859,1
3750,1
4087,1
5701,1
5726,1
5874,1
6439,1
6537,1
7131,1
7323,1
7494,1
8470,1
8626,1
8655,1
9476,1
9594,1
9747,1
10226,1
10447,1
10467,1
10531,1
10687,1
10690,1
11590,1
11608,1
11637,1
11776,1
12378,1
12545,1
12845,1
13579,1
14028,1
14083,1
14523,1
14535,1
15333,1
15549,1
15684,1
15900,1
16321,1
16705,1
17618,1
18815,1
19690,1
20482,1
20526,1
20796,1
21067,1
21358,1
22300,1
211,1
1326,1
1843,1
2475,1
2800,1
2804,1
3045,1
3219,1
4765,1
4850,1
4912,1
4955,1
5061,1
5295,1
5594,1
5983,1
6354,1
6723,1
6744,1
7673,1
8404,1
8826,1
8954,1
9772,1
11019,1
11337,1
11359,1
11394,1
11613,1
12275,1
12453,1
12554,1
12713,1
12798,1
13270,1
13502,1
13812,1
14132,1
14487,1
15168,1
16423,1
17230,1
19260,1
19439,1
20685,1
21164,1
21692,1
